[{"pk": 1, "fields": {"link": "", "amenity": "Special", "type": "CMW", "special": true, "image": "amenity/dark-texture.png"}, "model": "property.amenity"}, {"pk": 1, "fields": {"lease_type": "By the Bed", "active": true}, "model": "property.propertyleasetype"}, {"pk": 2, "fields": {"lease_type": "Conventional", "active": true}, "model": "property.propertyleasetype"}, {"pk": 3, "fields": {"lease_type": "Dorm Style", "active": true}, "model": "property.propertyleasetype"}, {"pk": 1, "fields": {"lease_term_short": "3", "lease_term": "3 Month", "active": true, "order": 0}, "model": "property.propertyleaseterm"}, {"pk": 2, "fields": {"lease_term_short": "6", "lease_term": "6 Month", "active": true, "order": 1}, "model": "property.propertyleaseterm"}, {"pk": 3, "fields": {"lease_term_short": "9", "lease_term": "9 Month", "active": true, "order": 2}, "model": "property.propertyleaseterm"}, {"pk": 4, "fields": {"lease_term_short": "10", "lease_term": "10 Month", "active": true, "order": 4}, "model": "property.propertyleaseterm"}, {"pk": 5, "fields": {"lease_term_short": "12", "lease_term": "12 Month", "active": true, "order": 5}, "model": "property.propertyleaseterm"}, {"pk": 1, "fields": {"lease_start": "Immediate", "active": true, "order": 0}, "model": "property.propertyleasestart"}, {"pk": 2, "fields": {"lease_start": "Fall", "active": true, "order": 1}, "model": "property.propertyleasestart"}, {"pk": 1, "fields": {"top_list": false, "lease_type": [], "real_estate_company": 1, "state": "WA", "services": [], "internal": true, "type": "APT", "package": null, "sponsored": false, "rating": null, "city": "Seattle", "place_id": "", "fee_desc": "", "lease_term": [], "title": "N Habit Belltown", "neighborhood": null, "addr": "2217 Third Avenue", "school": 2, "long": "-122.344418", "zip_cd": "", "lat": "47.614012", "amenities": [], "user": 1, "description": "The future of in-city living is in human-scale, flexible urban spaces with optimum functionality. It's the ability to transform the kitchen from a prep area to a work space to a dining space in just minutes. Or the ability to use a Murphy bed that, when raised, significant floor space can be \u2018recaptured\u2019. Interacting with your neighbors in commons spaces will be something to look forward to. People will worry more about where to maintenance their bikes than wash their cars.", "active": true, "special": "", "contact_user": null}, "model": "property.property"}, {"pk": 2, "fields": {"top_list": false, "lease_type": [], "real_estate_company": 1, "state": "WA", "services": [], "internal": false, "type": "APT", "package": null, "sponsored": false, "rating": null, "city": "Seattle", "place_id": "ChIJ2cikXHNqkFQRcGDQY6Ww1u0", "fee_desc": "", "lease_term": [], "title": "Rainier Vista", "neighborhood": null, "addr": "4570 Martin Luther King Jr. Way S.", "school": 2, "long": "-122.293693", "zip_cd": "", "lat": "47.561919", "amenities": [], "user": 1, "description": "1, 2, 3, 4, 5 bedroom, Carriage houses with garage, Includes washer and dryer, Energy efficient, Close to shopping, resaurants   library, Easy freeway access, 5 minutes to downtown", "active": true, "special": "", "contact_user": null}, "model": "property.property"}, {"pk": 3, "fields": {"top_list": false, "lease_type": [], "real_estate_company": 1, "state": "WA", "services": [], "internal": false, "type": "APT", "package": null, "sponsored": false, "rating": null, "city": "Seattle", "place_id": "ChIJC5y5X_lAkFQR4MAMxp9n5OY", "fee_desc": "", "lease_term": [], "title": "Mural", "neighborhood": 5, "addr": "4727 42nd Avenue SW", "school": 2, "long": "-122.385767", "zip_cd": "", "lat": "47.559895", "amenities": [], "user": 1, "description": "In the heart of West Seattle, Mural Apartments is surrounded by views of Elliott Bay, Olympic Mtns and Seattle Skyline.  Ethnic eateries, eclectic shops, a playhouse, neighborhood pubs, several grocery stores, and an old school European deli are all within walking distance.Pet friendly! Please call for details., 24 hour Fitness Facility, Balconies w/Views, Walk-in closets, Floor-to-ceiling windows, Translucent sliding walls", "active": true, "special": "", "contact_user": null}, "model": "property.property"}, {"pk": 4, "fields": {"top_list": false, "lease_type": [], "real_estate_company": 1, "state": "WA", "services": [], "internal": false, "type": "APT", "package": null, "sponsored": false, "rating": null, "city": "Seattle", "place_id": "ChIJiWVVu2YQkFQRIwXtAXGmh_I", "fee_desc": "", "lease_term": [], "title": "Ballinger Commons", "neighborhood": null, "addr": "2405 North 202nd Place", "school": 2, "long": "-122.332545", "zip_cd": "12343", "lat": "47.774017", "amenities": [], "user": 1, "description": "Vaulted ceilings, walk-in closets and wood-burning fireplaces are just a few of the touches that make living at Ballinger Commons an exceptional experience. Offering 1-, 2- and 3-bedroom floor plans, and located on 77 acres of greenbelt, this community is an outdoor-lover's dream. Stay home and enjoy two sports courts, crystal-clear pools and a walking trail, or take a quick trip to downtown Seattle, Belltown or Pioneer Square for shopping, entertainment and nightlife.Short Term leases available, Views, Wood-Burning Corner Fireplace, Hardwood Floors (select apartments), Full-Size Washer/Dryer, Private Patio or Balcony", "active": true, "special": "", "contact_user": null}, "model": "property.property"}, {"pk": 5, "fields": {"top_list": false, "lease_type": [], "real_estate_company": null, "state": "WA", "services": [], "internal": false, "type": "APT", "package": null, "sponsored": false, "rating": null, "city": "Seattle", "place_id": "ChIJh1rcAlcRkFQRC_L2sw5izwY", "fee_desc": "", "lease_term": [], "title": "507 Northgate", "neighborhood": 4, "addr": "507 NE Northgate Way", "school": 2, "long": "-122.322602", "zip_cd": "", "lat": "47.708068", "amenities": [], "user": 1, "description": "Sleek, apartment homes! Available today in Seattle at 507 Northgate.   Washer/dryers and microwaves included in all homes,  designer finishes with hardwood-style flooring, gourmet kitchens with stainless steel-style applicances, access to your own private garden courtyard, on-site private storage rooms available, 24 hour state of the art fitness center and resident lounge with billiards and free Wi-Fi.  Excellent location close to I-5, across from Northgate Mall and surrounded by major retailers, boutiques and restaurants!  Call today!!Stackable washer/dryer in EVERY home!, Views of Cascade mountains!, Hardwood style flooring!, 24 hour fitness center!, Underground controlled garage parking!, BUILT GREEN to save you $$ and our environment!", "active": true, "special": "", "contact_user": null}, "model": "property.property"}, {"pk": 6, "fields": {"top_list": false, "lease_type": [], "real_estate_company": null, "state": "WA", "services": [], "internal": false, "type": "APT", "package": null, "sponsored": false, "rating": null, "city": "Seattle", "place_id": "ChIJt-Z1_UoVkFQRA0Upg97PqcU", "fee_desc": null, "lease_term": [], "title": "Metropolitan Tower", "neighborhood": null, "addr": "\n1942 Westlake Avenue\n", "school": 2, "long": "-122.337189", "zip_cd": null, "lat": "47.614577", "amenities": [], "user": 1, "description": "Metropolitan Tower is a unique community with luxurious studio, one-, two-, and three-bedroom apartments. The property has an ideal location in the heart of downtown Seattle. The property provides residents with stunning views of the skyline, access to gourmet restaurants, and convenient access to major employers in the center of the city. Residents are just half a mile from Pike Place Market, which provides residents with access to fresh produce, seafood, flowers, and much more. In addition to being a city hotspot, the market, which is open 362 days a year, is home to a variety of vendors and over eighty restaurants. Metropolitan Tower is only three miles from the Space Needle and just over a mile from Seahawks games at CenturyLink Field. Residents at Metropolitan Tower enjoy the eclectic mix of fine dining and restaurants surrounding the community. Barolo Ristorante offers gourmet house-made pastas topped with authentic Italian sauces. Blueacre Seafood offers fresh ...Billiard, 2 Concierges Atyourservice, Aerobic Studio, Art And Soul Of Seattle, Condointernet/SeattleS Best Internet, Directtv/Wave Your Choice", "active": true, "special": null, "contact_user": null}, "model": "property.property"}, {"pk": 7, "fields": {"top_list": false, "lease_type": [], "real_estate_company": null, "state": "WA", "services": [], "internal": false, "type": "APT", "package": null, "sponsored": false, "rating": null, "city": "Seattle", "place_id": "ChIJsQtiJrBqkFQRf0UZE80kmF4", "fee_desc": null, "lease_term": [], "title": "The Post", "neighborhood": null, "addr": "\n888 Western Avenue\n", "school": 2, "long": "-122.336044", "zip_cd": null, "lat": "47.603271", "amenities": [], "user": 1, "description": "You've got it made! Get to know your NEW APARTMENT HOME at The Post in Seattle, WA.    The star players may be the city and mountain views, but the homes are a worthy supporting cast. Concrete ceilings, exposed duct work and plank flooring lend an industrial edge. Clean-lined kitchens with plenty of storage and unique pendant lighting are a quiet showpiece. In the one-bedroom apartments, a frosted glass door lets you customize your space.    Where downtown meets Pioneer Square and the waterfront, The Post is on the edge of everything. Sports your game? Walk this way to CenturyLink Stadium and Safeco Field. Chowhound? You'll love the neighborhood grub, from sandwiches at Delicatus to fresh-from-the-oven cinnamon rolls at Grand Central Bakery. From live music at the Owl N' Thistle to European soccer matches at Fado, there's no shortage of nighttime spots to while away an evening. The best part? You can walk to all of it.    Urban, uncompromised.    Waking up in the city has a buzz of its own. Going to bed with a buzz \u2013 hey, it happens. (We're looking at you, Owl   Thistle and The Forge Lounge.) On the border of downtown and Pioneer Square, The Post is your portal to an urban experience like no other. You're not like everyone else. Your view shouldn't be either.    Don't Covet the Neighbors Lifestyle. Make it your own!  Ever seen another building in Seattle with a reflecting pool on the roof?  That's what we thought. Take your shoes off, dip your feet in, and stay awhile. On the expansive rooftop, you'll find the sky lounge with demonstration kitchen, theater, game room, library, fitness and yoga rooms. We didn't leave out the dogs, there's a lounge for them too!     Don't miss out on our offer of 1 month free rent!New Luxury Apartments, Stainless Steel Appliances, Luxurious Quartz Countertops, Floor to Ceiling Windows/Hardwood Flooring, Air Conditioning in home, Million Dollar Views w/the best rooftop in Seattle", "active": true, "special": null, "contact_user": null}, "model": "property.property"}, {"pk": 8, "fields": {"top_list": false, "lease_type": [], "real_estate_company": null, "state": "WA", "services": [], "internal": false, "type": "BUS", "package": null, "sponsored": false, "rating": null, "city": "Seattle", "place_id": "ChIJ8c_kFBYVkFQRnnfONKNES1Y", "fee_desc": "", "lease_term": [], "title": "Cascade Terrace", "neighborhood": null, "addr": "602 Galer St", "school": 2, "long": "-122.344913", "zip_cd": "", "lat": "47.632463", "amenities": [], "user": 1, "description": "Exquisite, contemporary, and newly renovated  apartment homes in Seattle's Queen Anne neighborhood. We offer one and two bedroom, one or two bath homes that feature warm living rooms with circulating, wood-burning tiled fireplaces and gourmet kitchens with European cabinetry and a pass-through bar. A convenient laundry closet conceals a full-size washer and dryer. The double master suites are ideally situated for roommates desiring individual privacy and cost sharing economy. And the large patio or deck adds space, a fresh air respite and gorgeous views of the downtown Seattle skyline.Fireplaces, Washer   Dryer in every Home, Furnished apartments available, Billiards Room, Covered Parking and Garages Available, Ceiling Fan", "active": true, "special": "", "contact_user": null}, "model": "property.property"}, {"pk": 9, "fields": {"top_list": false, "lease_type": [], "real_estate_company": null, "state": "WA", "services": [], "internal": false, "type": "APT", "package": null, "sponsored": false, "rating": null, "city": "Seattle", "place_id": "ChIJR5gLVq1DkFQRN97Yi20JBnE", "fee_desc": null, "lease_term": [], "title": "Arbour Court", "neighborhood": null, "addr": "\n2225 South 112th Street\n", "school": 2, "long": "-122.30401", "zip_cd": null, "lat": "47.502318", "amenities": [], "user": 1, "description": "Come home to Arbour Court Apartment Homes! Arbour Court is well located on a cul-de-sac in a residential neighborhood and is just minutes from Westfield's Southcenter Mall and I-5. View our spacious 1, 2 and 3 bedroom floor plans featuring cozy woodburning fireplaces, full size washers and dryers, walk-in closets and large balconies for convenient, comfortable and contemporary living. Arbour Court is surrounded by beautiful landscaped grounds and offers an indoor swimming pool and spa, dry sauna, tanning salon and fitness center for your leisure. Let us help you find your new home with us at Arbour Court Apartment Homes.Cozy, Wood Burning Fireplaces, Indoor Pool   Spa, Full-Size Washer   Dryer, Large Floor Plans/ Balconies, Fitness Center/Free Tanning, Carports   Garages Available", "active": true, "special": null, "contact_user": null}, "model": "property.property"}, {"pk": 10, "fields": {"top_list": false, "lease_type": [], "real_estate_company": null, "state": "WA", "services": [], "internal": false, "type": "APT", "package": null, "sponsored": false, "rating": null, "city": "Seattle", "place_id": null, "fee_desc": null, "lease_term": [], "title": "City View Apartments", "neighborhood": null, "addr": "\n9929 14th Avenue S\n", "school": 2, "long": "-122.318583", "zip_cd": null, "lat": "47.514521", "amenities": [], "user": 1, "description": "City Views in Seattle, WA. is located minutes away from Downtown Seattle, Renton, Tukwila, West Seattle, and Sea-Tac International Airport. The community features large two- and three-bedroom apartment homes with large decks and or patios, as well as expansive views of the Seattle city skyline from most homes. Both dogs and cats are welcome. Step away from the fast and furious city in your beautifully manicured courtyard.", "active": true, "special": null, "contact_user": null}, "model": "property.property"}, {"pk": 11, "fields": {"top_list": false, "lease_type": [], "real_estate_company": null, "state": "WA", "services": [], "internal": false, "type": "APT", "package": null, "sponsored": false, "rating": null, "city": "Seattle", "place_id": null, "fee_desc": null, "lease_term": [], "title": "Sierra on Greenwood", "neighborhood": null, "addr": "\n11244 Greenwood Ave N\n", "school": 2, "long": "-122.355079", "zip_cd": null, "lat": "47.711764", "amenities": [], "user": 1, "description": "Welcome home to Sierra on Greenwood!Eco-friendly, totally remodeled apartments, Sustainable-use wood plank-style flooring, ENERGY STAR Stainless Steel Whirlpool Appliances, Full-sized, built-in microwave oven, Full-sized washer and dryer in every unit, Gorgeous Euro-style kitchen and bathroom cabinets", "active": true, "special": null, "contact_user": null}, "model": "property.property"}, {"pk": 12, "fields": {"top_list": false, "lease_type": [], "real_estate_company": null, "state": "WA", "services": [], "internal": false, "type": "APT", "package": null, "sponsored": false, "rating": null, "city": "Seattle", "place_id": "ChIJ6XwNzZRCkFQRDW7ERFk9ZQc", "fee_desc": null, "lease_term": [], "title": "Aspen Ridge", "neighborhood": null, "addr": "\n12601 68th Avenue S\n", "school": 2, "long": "-122.249717", "zip_cd": null, "lat": "47.490028", "amenities": [], "user": 1, "description": "Aspen Ridge is a nice quiet community that is in a beautiful wooded setting just off the beaten path.  You will be able to enjoy the feel of the country setting with convenience of the big city. Time is a commodity that we can ill afford to give up lightly.  With Aspen Ridge's proximity to the freeway and centralized location, we are minutes from everywhere.  You will only be 10 minutes from the airport, 20 minutes to Bellevue, or 15 minutes to the heart of downtown Seattle.  Don't pass up this golden opportunity to call this your home.2 Bedroom apartments 900-950 sq ft, We pay water, sewer and garbage, Full size washer   dryer, Breakfast bar, dishwasher   garbage disposal, Woodburning fireplace, Patio/deck with storage", "active": true, "special": null, "contact_user": null}, "model": "property.property"}, {"pk": 13, "fields": {"top_list": false, "lease_type": [], "real_estate_company": null, "state": "WA", "services": [], "internal": false, "type": "APT", "package": null, "sponsored": false, "rating": null, "city": "Seattle", "place_id": "ChIJXRaVB1IVkFQRYcNfIkRYTV4", "fee_desc": "", "lease_term": [], "title": "Berkshires on Elliott", "neighborhood": null, "addr": "2400 Elliott Ave", "school": 2, "long": "-122.349753", "zip_cd": "", "lat": "47.613281", "amenities": [], "user": 1, "description": "Berkshires on Elliott is an ideal escape for city dwellers.  Walking through the front door, you find yourself surrounded by the many unique elements we have to offer.  Our newly renovated Welcome Center reflects the warm and unique design elements found throughout the community.  Our homes feature designer khaki accent walls, new energy efficient silver and black Whirlpool appliances, spacious closets, oversized decks, full size washer/dryer, many top floor and Penthouse homes feature skylights and large, semi-private decks.    We encourage our residents to relax in our internet/t.v. lounge while enjoying a cup of complimentary coffee or after a workout in one of our two 24-hr fitness centers, you might decide sitting in the cedar plank sauna sounds like a good idea.  During the warmer months, residents love to take advantage of our enticing outdoor pool and spa.  You can relax on a sunny lounge chair while reading your favorite book or magazine.  Our largest attraction is the newly renovated rooftop deck, complete with modern outdoor furniture, vibrant flowers and greenery, WiFi access, and a community BBQ grill.  Open daily until 10 p.m., you can snap photos of our beautiful Seattle sunsets all year round.  In addition, our residents enjoy the convenience of a business center, two tanning beds, poolside cabana with a 12 seat theater room, and a pet walking area.    You next home awaits you at Berkshires on Elloitt! We look forward to meeting you and invite you to elevate your lifestyle in the heart of Belltown.Breathtaking Views of the Cascades   Puget Sound!, Cyber Cafe w/ free WiFi!, Controlled Access Entry, Garden Roof top Deck w/ Wifi access, Free Tanning Lounge, NEW APPLIANCE Package available", "active": true, "special": "", "contact_user": 1}, "model": "property.property"}, {"pk": 14, "fields": {"top_list": false, "lease_type": [], "real_estate_company": null, "state": "WA", "services": [], "internal": false, "type": "APT", "package": null, "sponsored": false, "rating": null, "city": "Seattle", "place_id": null, "fee_desc": null, "lease_term": [], "title": "The Avenues", "neighborhood": null, "addr": "\n10765 14th Ave Sw\n", "school": 2, "long": "-122.353631", "zip_cd": null, "lat": "47.505955", "amenities": [], "user": 1, "description": "Welcome home to The Avenues in West Seattle. These spirited apartment homes feature a compelling design and absolute comfort-perfect for accenting your favorite belongings.  Located near Westwood Shopping Village   South Seattle Community College, we are also just a short commute to Seatac Airport!    Welcome to The Avenues...fulfulling your expectations of what home is meant to be.Pool, Full-size Washers   Dryers, Dishwashers   Garbage Disposals, Wood-burning Fireplaces, Great Storage Potential, Private Patios   Balconies", "active": true, "special": null, "contact_user": null}, "model": "property.property"}, {"pk": 15, "fields": {"top_list": false, "lease_type": [], "real_estate_company": null, "state": "WA", "services": [], "internal": false, "type": "APT", "package": null, "sponsored": false, "rating": null, "city": "Seattle", "place_id": "ChIJG2MP0hRBkFQRvcoYLxo0J-Y", "fee_desc": null, "lease_term": [], "title": "Hill Crest Apartments", "neighborhood": null, "addr": "\n7524 35th Ave. SW\n", "school": 2, "long": "-122.376193", "zip_cd": null, "lat": "47.534562", "amenities": [], "user": 1, "description": "You could have it all! Hill Crest Apartments offer spacious one and two bedroom apartment homes with beautiful views of the Puget Sound and Olympics to the west, or the Cascade Mountain range, complimented by Mt. Rainier and Mt. Baker to the east. We are a controlled entry access building with gated underground garage parking. Your future home will include all modern appliances such as dishwashers, disposals and two laundry facilities on each floor for added convenience. Call us today for a tour of your new home! Our apartment community has it all.Disability access, Pets allowed, Laundry facilities, Dishwasher and Disposal, Fireplace (select homes), Patio/balcony", "active": true, "special": null, "contact_user": null}, "model": "property.property"}, {"pk": 16, "fields": {"top_list": false, "lease_type": [], "real_estate_company": null, "state": "WA", "services": [], "internal": false, "type": "APT", "package": null, "sponsored": false, "rating": null, "city": "Seattle", "place_id": "ChIJ6_duJTEVkFQRPNgNu4v7PTc", "fee_desc": null, "lease_term": [], "title": "Stack House", "neighborhood": null, "addr": "\n1280 Harrison Street\n", "school": 2, "long": "-122.330922", "zip_cd": null, "lat": "47.621985", "amenities": [], "user": 1, "description": "What's Old is New Again - The Historic setting of a perfectly modern Stack House is more than an apartment complex - it's the place where you can unpack your life and let it unfold. Combining green living with warm character, fast technology, and sleek good looks, Stack House will be your soothing urban refuge.Washer   dryer, Air conditioning, Internet access, cable or satellite, Dishwasher   microwave, Resident lounge with chef's kitchen, Patio or balcony   extra storage", "active": true, "special": null, "contact_user": null}, "model": "property.property"}, {"pk": 17, "fields": {"top_list": false, "lease_type": [], "real_estate_company": null, "state": "WA", "services": [], "internal": false, "type": "APT", "package": null, "sponsored": false, "rating": null, "city": "Seattle", "place_id": "ChIJKYbI0LNEkFQRr9fSDW2PwM8", "fee_desc": null, "lease_term": [], "title": "Wellington Place", "neighborhood": null, "addr": "\n327 S 177th Place\n", "school": 2, "long": "-122.32997", "zip_cd": null, "lat": "47.444247", "amenities": [], "user": 1, "description": "Come see our fresh new look!  Luxury European-style apartments minutes from Sea-Tac Airport, Westfield Shopping Mall and Boeing.  If you enjoy an active lifestyle and convenient access to shopping and commuting, then Wellington Place is the place for you.  Located on a busline and close to I-5, I-405 and Hwy 509, Wellington Place is just minutes from the SeaTac Airport.  Wellington Place offers European-style apartments with either one, two, or three bedrooms with one or two bathrooms.One, Two and Three Bedroom Apartment Homes, Pets Allowed, Breed Restrictions   Max 35 lb, Washer/dryer in apartment home, Indoor spa and seasonal outdoor pool, Woodburning Fireplace, Close to Sea-Tac Airport, Westfield Shopping Mall", "active": true, "special": null, "contact_user": null}, "model": "property.property"}, {"pk": 18, "fields": {"top_list": false, "lease_type": [], "real_estate_company": null, "state": "WA", "services": [], "internal": false, "type": "APT", "package": null, "sponsored": false, "rating": null, "city": "Seattle", "place_id": "ChIJubl3Jm5BkFQR9eshMyeKsCQ", "fee_desc": null, "lease_term": [], "title": "West Ridge Park", "neighborhood": null, "addr": "\n7901 Delridge Way SW\n", "school": 2, "long": "-122.361819", "zip_cd": null, "lat": "47.531501", "amenities": [], "user": 1, "description": "Come home to West Ridge Park's one and two bedroom apartments and townhomes, where you will be nestled in the shelter of mature trees and lush landscaping right here in West Seattle. Longfellow Creek meanders through the community creating scenery that varies with each season. There are walking trails and a Clubhouse Complex that can make you feel as though you are on vacation every day.     You can swim a few laps in the pool or relax in the spa. Enjoy a workout in the fitness center or join friends for a friendly game of Tennis. Take your best friend for a play date in the dog run, and then enjoy a cup of coffee at the Internet Cafe. Indulge yourself with the lifestyle you want at West Ridge Park.     A convenient location, in the popular Westwood neighborhood, West Ridge Park is just minutes from trendy cafes, fashionable pubs and an array of shopping and recreational possibilities.  Convenient to the West Seattle Bridge, West Ridge Park offers easy access to Downtown Seattle via car or bus.     Whether you work in Seattle or just want to hop a bus to catch a game or a concert, the convenience is tremendous. When you live at West Ridge Park you can easily meet friends downtown for happy hour or go to Pike Place Market to get the freshest ingredients for that extra special dinner.     West Seattle is a lifestyle, all its own- from the farmers market to rollerblading at Alki- watching the spectacular sunsets to joining in the Hi-Yu Festival or Saturday Night Fever in the Junction- there is no place quite like West Seattle and no place like West Ridge Park to enjoy it.Fireplace, Deck or terrace, Cable Ready, Washer Dryer In Unit, Dishwasher, Internet cafe", "active": true, "special": null, "contact_user": null}, "model": "property.property"}, {"pk": 19, "fields": {"top_list": false, "lease_type": [], "real_estate_company": null, "state": "WA", "services": [], "internal": false, "type": "APT", "package": null, "sponsored": false, "rating": null, "city": "Seattle", "place_id": "ChIJIw340-UTkFQRc2O8FNplCwc", "fee_desc": null, "lease_term": [], "title": "Northbrook", "neighborhood": null, "addr": "\n10215 Lake City Way NE\n", "school": 2, "long": "-122.302218", "zip_cd": null, "lat": "47.702588", "amenities": [], "user": 1, "description": "One and Two Bedroom apartment homes.  Experience a Carefree and Relaxing Lifestyle at Northbrook Place Apartment Homes! Perfectly situated in Seattle WA, our location makes us the ideal place to call home. Living at Nortbrook Place is convenient with easy access to freeways, fabulous shopping and fine dining, entertainment, public transportation, and all that Nortbrook Place has to offer.Thoughfully designed with comfort in mind, our expansive one and two bedroom homes feature a wide array of stylishly efficient and stunningly appointed amenities including all electric kitchens, carpeted floors, ceiling fans, mini blinds, private balconies and patios, and more!Near University of WA   North Seattle Community, 1 Bedrooms all with Washer   Dryer, Courtyard Plaza, Controlled Access, Quick Access to University of WA/ on bus line, Pet Friendly 80 lbs weight limit, Roof Top Terrace, ASK ABOUT CONCESSION", "active": true, "special": null, "contact_user": null}, "model": "property.property"}, {"pk": 20, "fields": {"top_list": false, "lease_type": [], "real_estate_company": null, "state": "WA", "services": [], "internal": false, "type": "APT", "package": null, "sponsored": false, "rating": null, "city": "Seattle", "place_id": "ChIJeRfRgMtDkFQRzMsbueEDTPs", "fee_desc": null, "lease_term": [], "title": "Park South", "neighborhood": null, "addr": "\n10102 8th Avenue South\n", "school": 2, "long": "-122.322149", "zip_cd": null, "lat": "47.512939", "amenities": [], "user": 1, "description": "Come home to the atmosphere and community that match your lifestyle and budget. At Park South you'll love our outstanding location and spectacular city views! Carefully built and designed to enhance the quality of community living, Park South has something to offer everyone. Our apartment homes make it possible to select accommodations to fit your needs at a cost that doesn't require sacrifice. Our apartments feature cozy woodburning fireplaces, washers and dryers, double closets and spacious view decks. Leisure time recreation opportunities from a swimming pool to fully equipped weight and exercise room are available for your enjoyment. Affordable, contemporary and convenient, Park South provides easy access to major freeways, downtown Seattle, SeaTac Airport, Boeing and Westfield's Shopping Center. Let us help you find your new home with us at Park South Apartment Homes.FREE Covered Parking, Washers/Dryers, kitchen bar area, Gated community, Double Closets, Business Center, Fitness center, Ask about current special -limited time offer", "active": true, "special": null, "contact_user": null}, "model": "property.property"}, {"pk": 21, "fields": {"top_list": false, "lease_type": [], "real_estate_company": null, "state": "WA", "services": [], "internal": false, "type": "APT", "package": null, "sponsored": false, "rating": null, "city": "Seattle", "place_id": null, "fee_desc": null, "lease_term": [], "title": "Veranda Green", "neighborhood": null, "addr": "\n11301 26th Ave S\n", "school": 2, "long": "-122.300332", "zip_cd": null, "lat": "47.501225", "amenities": [], "user": 1, "description": "Nestled atop the picturesque woodlands of the city of Burien and above the Duwamish River are our spacious studio, one and two bedroom homes. Commuting is easy with access to HWY 509, HWY 99, and I-5. Experience the hustle and bustle of Seattle's nightlife, browse the stores at Southcenter Mall in Tukwila, or catch a flight at Sea-Tac Airport; when you're conveniently located in the heart of Burien, you're close to everything you need.    When you call Veranda Green your home, you can relax and soak up some sun in the summer by our outdoor pool, break a sweat in our fitness room complete with high quality machines and weight system, or play a game of basketball in our outdoor basketball court. The business center can accomodate those just looking to browse the web, or for faxing, scanning, and copying. Veranda Green loves pets of ALL sizes! Pet stations located throughout the community, and large grassy areas to explore is ideal for any pet owner! Now you can find the perfect home for you and your pet without having to sacrifice anything, or paying additional money!Newly Renovated, Water Sewer Garbage Paid, Patio or Balcony, Washer and Dryer In Select Homes, Walk-in Closets, Dishwasher", "active": true, "special": null, "contact_user": null}, "model": "property.property"}, {"pk": 22, "fields": {"top_list": false, "lease_type": [], "real_estate_company": null, "state": "WA", "services": [], "internal": false, "type": "APT", "package": null, "sponsored": false, "rating": null, "city": "Seattle", "place_id": "ChIJy5T8hL9DkFQRhHufqkY0PXQ", "fee_desc": null, "lease_term": [], "title": "Sunset Park", "neighborhood": null, "addr": "\n11202 2nd Lane SW\n", "school": 2, "long": "-122.337306", "zip_cd": null, "lat": "47.502263", "amenities": [], "user": 1, "description": "Sunset Park is a lovely apartment community close to all the conveniences, but far enough away from the city to enjoy some peace and quiet! We are near shopping, restaurants, parks and schools. Easy freeway access to downtown Seattle and SeaTac International Airport. Spacious apartment homes featuring cozy wood-burning fireplace, washer/dryer or hookup available. Our balconies and patios are some of the largest in the area! Perfect for relaxing with family or friends! Come and see your next home at Sunset Park! Our friendly on-site Management Staff would love to show you around!Spacious 1   2 Bedroom Apartment Homes, Cozy Woodburning Fireplaces w/Mirror Accent, Washer/Dryer in select homes, Large Closets, Private Patio or Balcony, Convenient Location near Burien", "active": true, "special": null, "contact_user": null}, "model": "property.property"}, {"pk": 23, "fields": {"top_list": false, "lease_type": [], "real_estate_company": null, "state": "WA", "services": [], "internal": false, "type": "APT", "package": null, "sponsored": false, "rating": null, "city": "Pullman", "place_id": "ChIJab5p4vCGn1QRCgudZnp0Qr0", "fee_desc": null, "lease_term": [], "title": "Palouse Trace", "neighborhood": null, "addr": "\n555 Ne Terre View\n", "school": 1, "long": "-117.169702", "zip_cd": null, "lat": "46.746849", "amenities": [], "user": 1, "description": "You will love the lifestyle! One look will reveal the careful attention that has been given to your new home at Palouse Trace. From the great location of the community to the apartment homes themselves, every detail has been designed with you in mind. You'll find comfortable, convenient, and affordable living here at Palouse Trace. Your new apartment home has been professionally prepared for you with careful attention and includes washer and dryer hook ups in each home, extra storage space, and forced heat and air conditioning. Palouse Trace is ideally located close to shopping, public transportation and direct access to downtown. You'll enjoy living at Palouse Trace! It's all here for you. Living at Palouse Trace is the luxury you have been waiting for! To learn more please email Leasing Agent with Palouse Trace or call at (509) 774-5359.", "active": true, "special": null, "contact_user": null}, "model": "property.property"}, {"pk": 24, "fields": {"top_list": false, "lease_type": [], "real_estate_company": null, "state": "WA", "services": [], "internal": false, "type": "APT", "package": null, "sponsored": false, "rating": null, "city": "Pullman", "place_id": null, "fee_desc": "", "lease_term": [], "title": "Latah Apartments (All New, remodeled units)", "neighborhood": null, "addr": "1016 SE Latah St", "school": 1, "long": "-117.167191", "zip_cd": "", "lat": "46.725169", "amenities": [1], "user": 1, "description": "Quiet Apartment living next to WSU`s Campus and Sella`sNow featuring all newly remodeled units with hardwood floors, new light fixtures, new appliances, all fresh paint plus much more2- Bedroom, 1- Bath,  732 Square FeetTwo newly remodeled on-site \"low cost\" coin-operated laundry rooms with all new front load washer and dryersLarge off street parking lot with reserved permit parking for ResidentsSuper energy efficient apartments with low heat bills. Typical heat bills below $55. per month in winter.NON-SMOKING UNITS: No smoking is allowed on the premises!! No Smoking Policy.A completed application to rent is required for each person residing in an apartment. There is no application fee unless a co-signer is required. Co-signers are required to pay a $30.00 fee at time of application.A refundable deposit is required equal to one months rent for two occupants. A additional $250 deposit is due for each additional occupant. A non-refundable move-in renewal fee of $25.00 per person is required at the time of lease signing and or renewal.Landlord pays for water/sewer/garbage.Tenant responsible for costs of electric, phone, TV, internet, High speed wireless internet available at this location....There is an additional monthly rental charge of $75.00 for each person living in the premises over the number of bedrooms in each unit. Exceptions are immediate family members; the additional monthly fee applies to roommates exceeding the number of bedrooms in the unitFor more information, or to view an apartment please stop by our office. We are located at:594 SE Bishop Blvd, Suite 102,Pullman, Washington. 99163Office Hours: 8am-5pm, M-F, or by appointmentvisit us online at: http://www.kipdev.comhttp://www.kipdev.com/apartment/latah-apartments/ - NowWater, sewer and garbage additional $40. per month per apartment unit payable monthly with rent.Now accepting rental applications for summer 2014 occupancyClose to WSU campusLatah Apartments, All newly remodeled units spring of 2012.2- Bedroom, 1- Bath. 732 square feetQuality, Value & Location.All new remodeled units from:From $760. per month lower unitsFrom $790. per month Upper unitsQuiet Apartment living next to WSU`s Campus and Sella`sNewly remodeled units from $730 per month.10 and 12 month leases available, a higher rental rate applies for 10 month leasesNew remodeled units featureRefinished CabinetsNew hardwood floors in living roomNew bathroom and living room windowsComplete interior paint including doors and trimNew refrigerators, stoves and rangesAll new privacy hardware on bedroom doorsPlus much moreIncludes a Dishwasher, Refrigerator, and Kitchen sink disposal.Two on-site \"low cost\" coin-operated laundry rooms, Newly rem", "active": true, "special": "", "contact_user": null}, "model": "property.property"}, {"pk": 25, "fields": {"top_list": false, "lease_type": [], "real_estate_company": null, "state": "TX", "services": [], "internal": false, "type": "APT", "package": null, "sponsored": false, "rating": null, "city": "San Marcos", "place_id": "", "fee_desc": "", "lease_term": [], "title": "The Edge", "neighborhood": null, "addr": "1740 Old Ranch Road 12", "school": 3, "long": "-97.96684", "zip_cd": "", "lat": "29.897093", "amenities": [], "user": 1, "description": "", "active": true, "special": "", "contact_user": null}, "model": "property.property"}, {"pk": 26, "fields": {"top_list": false, "lease_type": [], "real_estate_company": null, "state": "WA", "services": [], "internal": false, "type": "APT", "package": null, "sponsored": false, "rating": null, "city": "asdf", "place_id": null, "fee_desc": null, "lease_term": [], "title": "test", "neighborhood": null, "addr": "123 fake st", "school": 2, "long": null, "zip_cd": "99354", "lat": null, "amenities": [], "user": 1, "description": null, "active": true, "special": null, "contact_user": null}, "model": "property.property"}, {"pk": 1, "fields": {"property": 1, "image_link": "http://a3.res.cloudinary.com/apartmentlist/image/upload/t_r_fp_dream_ldp/yotoonken310ucmd9xex.jpg", "order": null, "image": "", "floorplan": false, "main": false, "caption": ""}, "model": "property.propertyimage"}, {"pk": 2, "fields": {"property": 1, "image_link": "http://a5.res.cloudinary.com/apartmentlist/image/upload/t_r_fp_dream_ldp/txly5rk7jsmfd7ztl2nu.jpg", "order": null, "image": "", "floorplan": false, "main": false, "caption": ""}, "model": "property.propertyimage"}, {"pk": 3, "fields": {"property": 1, "image_link": "http://a3.res.cloudinary.com/apartmentlist/image/upload/t_r_fp_dream_ldp/nqwuhyes50uhm9bfmm4h.jpg", "order": null, "image": "", "floorplan": false, "main": false, "caption": ""}, "model": "property.propertyimage"}, {"pk": 4, "fields": {"property": 1, "image_link": "http://a4.res.cloudinary.com/apartmentlist/image/upload/t_r_fp_dream_ldp/zsvan4leyaydrikipq0a.jpg", "order": null, "image": "", "floorplan": false, "main": false, "caption": ""}, "model": "property.propertyimage"}, {"pk": 5, "fields": {"property": 1, "image_link": "http://a1.res.cloudinary.com/apartmentlist/image/upload/t_r_fp_dream_ldp/wefzhnr4kdzzlt6j73nb.jpg", "order": null, "image": "", "floorplan": false, "main": false, "caption": ""}, "model": "property.propertyimage"}, {"pk": 6, "fields": {"property": 1, "image_link": "http://a3.res.cloudinary.com/apartmentlist/image/upload/t_r_fp_dream_ldp/urmm0zvl6f015acxf0gr.jpg", "order": null, "image": "", "floorplan": false, "main": false, "caption": ""}, "model": "property.propertyimage"}, {"pk": 7, "fields": {"property": 2, "image_link": "http://a3.res.cloudinary.com/apartmentlist/image/upload/t_r_fp_dream_ldp/9f907f341ad8cc8a010611413183889e.jpg", "order": null, "image": "", "floorplan": false, "main": false, "caption": ""}, "model": "property.propertyimage"}, {"pk": 8, "fields": {"property": 2, "image_link": "http://a4.res.cloudinary.com/apartmentlist/image/upload/t_r_fp_dream_ldp/36782849b6f05d29f8563bc538977a03.jpg", "order": null, "image": "", "floorplan": false, "main": false, "caption": ""}, "model": "property.propertyimage"}, {"pk": 9, "fields": {"property": 2, "image_link": "http://a1.res.cloudinary.com/apartmentlist/image/upload/t_r_fp_dream_ldp/d32616a21a3349c40ed8598694f9b742.jpg", "order": null, "image": "", "floorplan": false, "main": false, "caption": ""}, "model": "property.propertyimage"}, {"pk": 10, "fields": {"property": 2, "image_link": "http://a1.res.cloudinary.com/apartmentlist/image/upload/t_r_fp_dream_ldp/621eee361cf72d881aa5111c32067528.jpg", "order": null, "image": "", "floorplan": false, "main": false, "caption": ""}, "model": "property.propertyimage"}, {"pk": 11, "fields": {"property": 2, "image_link": "http://a1.res.cloudinary.com/apartmentlist/image/upload/t_r_fp_dream_ldp/8c1513a6a737e9fd833880042985287d.jpg", "order": null, "image": "", "floorplan": false, "main": false, "caption": ""}, "model": "property.propertyimage"}, {"pk": 12, "fields": {"property": 2, "image_link": "http://a5.res.cloudinary.com/apartmentlist/image/upload/t_r_fp_dream_ldp/1f5f3563b9277d43462c4d5ef522cfb7.jpg", "order": null, "image": "", "floorplan": false, "main": false, "caption": ""}, "model": "property.propertyimage"}, {"pk": 13, "fields": {"property": 3, "image_link": "http://a3.res.cloudinary.com/apartmentlist/image/upload/t_r_fp_dream_ldp/12516fc3e0b7812d973581df42ca7658.jpg", "order": null, "image": "", "floorplan": false, "main": false, "caption": ""}, "model": "property.propertyimage"}, {"pk": 14, "fields": {"property": 3, "image_link": "http://a5.res.cloudinary.com/apartmentlist/image/upload/t_r_fp_dream_ldp/3bbe58acb4332818696c6e79e967dace.jpg", "order": null, "image": "", "floorplan": false, "main": false, "caption": ""}, "model": "property.propertyimage"}, {"pk": 15, "fields": {"property": 3, "image_link": "http://a4.res.cloudinary.com/apartmentlist/image/upload/t_r_fp_dream_ldp/5c05c808ff5e0e55d17eb1dfdb8c69ee.jpg", "order": null, "image": "", "floorplan": false, "main": false, "caption": ""}, "model": "property.propertyimage"}, {"pk": 16, "fields": {"property": 3, "image_link": "http://a1.res.cloudinary.com/apartmentlist/image/upload/t_r_fp_dream_ldp/ee8a0d09ca18cfb816b3625860618b95.jpg", "order": null, "image": "", "floorplan": false, "main": false, "caption": ""}, "model": "property.propertyimage"}, {"pk": 17, "fields": {"property": 3, "image_link": "http://a4.res.cloudinary.com/apartmentlist/image/upload/t_r_fp_dream_ldp/8536c17286f333d7816e0411e628fc6b.jpg", "order": null, "image": "", "floorplan": false, "main": false, "caption": ""}, "model": "property.propertyimage"}, {"pk": 18, "fields": {"property": 3, "image_link": "http://a5.res.cloudinary.com/apartmentlist/image/upload/t_r_fp_dream_ldp/bed09f31eaaa02a13e284eb34efc8dae.jpg", "order": null, "image": "", "floorplan": false, "main": false, "caption": ""}, "model": "property.propertyimage"}, {"pk": 19, "fields": {"property": 4, "image_link": "http://a3.res.cloudinary.com/apartmentlist/image/upload/t_r_fp_dream_ldp/fdef40ee8c9565b3a5debef3a6bd0e34.jpg", "order": null, "image": "", "floorplan": false, "main": false, "caption": ""}, "model": "property.propertyimage"}, {"pk": 20, "fields": {"property": 4, "image_link": "http://a4.res.cloudinary.com/apartmentlist/image/upload/t_r_fp_dream_ldp/27944509203dacf2a9c1bbb9ad6bb706.jpg", "order": null, "image": "", "floorplan": false, "main": false, "caption": ""}, "model": "property.propertyimage"}, {"pk": 21, "fields": {"property": 4, "image_link": "http://a5.res.cloudinary.com/apartmentlist/image/upload/t_r_fp_dream_ldp/3e4c0e21d49bc75114470f74155cde5f.jpg", "order": null, "image": "", "floorplan": false, "main": false, "caption": ""}, "model": "property.propertyimage"}, {"pk": 22, "fields": {"property": 4, "image_link": "http://a1.res.cloudinary.com/apartmentlist/image/upload/t_r_fp_dream_ldp/2681e3564bb80406ac335cc7f9703230.jpg", "order": null, "image": "", "floorplan": false, "main": false, "caption": ""}, "model": "property.propertyimage"}, {"pk": 23, "fields": {"property": 4, "image_link": "http://a1.res.cloudinary.com/apartmentlist/image/upload/t_r_fp_dream_ldp/ee303570d78bc09c46a43437d23b9bdc.jpg", "order": null, "image": "", "floorplan": false, "main": false, "caption": ""}, "model": "property.propertyimage"}, {"pk": 24, "fields": {"property": 4, "image_link": "http://a2.res.cloudinary.com/apartmentlist/image/upload/t_r_fp_dream_ldp/a49a3ec784f01686f22cbb0648cc9281.jpg", "order": null, "image": "", "floorplan": false, "main": false, "caption": ""}, "model": "property.propertyimage"}, {"pk": 25, "fields": {"property": 5, "image_link": "http://a2.res.cloudinary.com/apartmentlist/image/upload/t_r_fp_dream_ldp/6c35f38914e1f63b855cf2ac12996e91.jpg", "order": null, "image": "", "floorplan": false, "main": false, "caption": ""}, "model": "property.propertyimage"}, {"pk": 26, "fields": {"property": 5, "image_link": "http://a5.res.cloudinary.com/apartmentlist/image/upload/t_r_fp_dream_ldp/d06e564e6526bf3666b7ddeaf9c25bd4.jpg", "order": null, "image": "", "floorplan": false, "main": false, "caption": ""}, "model": "property.propertyimage"}, {"pk": 27, "fields": {"property": 5, "image_link": "http://a5.res.cloudinary.com/apartmentlist/image/upload/t_r_fp_dream_ldp/2dfd42b6563b956b4815d9a4c58cd5fb.jpg", "order": null, "image": "", "floorplan": false, "main": false, "caption": ""}, "model": "property.propertyimage"}, {"pk": 28, "fields": {"property": 5, "image_link": "http://a4.res.cloudinary.com/apartmentlist/image/upload/t_r_fp_dream_ldp/dca548b8285c314d637e7651bc5a1f5b.jpg", "order": null, "image": "", "floorplan": false, "main": false, "caption": ""}, "model": "property.propertyimage"}, {"pk": 29, "fields": {"property": 5, "image_link": "http://a1.res.cloudinary.com/apartmentlist/image/upload/t_r_fp_dream_ldp/2992de74e4e8e921e350e2f7259f1e29.jpg", "order": null, "image": "", "floorplan": false, "main": false, "caption": ""}, "model": "property.propertyimage"}, {"pk": 30, "fields": {"property": 5, "image_link": "http://a2.res.cloudinary.com/apartmentlist/image/upload/t_r_fp_dream_ldp/25229412a61d9377092e02a4fa4d6898.jpg", "order": null, "image": "", "floorplan": false, "main": false, "caption": ""}, "model": "property.propertyimage"}, {"pk": 31, "fields": {"property": 6, "image_link": "http://a1.res.cloudinary.com/apartmentlist/image/upload/t_r_fp_dream_ldp/cfde65e3522b8b43e931fd8c0c58c95b.jpg", "order": null, "image": "", "floorplan": false, "main": false, "caption": ""}, "model": "property.propertyimage"}, {"pk": 32, "fields": {"property": 6, "image_link": "http://a4.res.cloudinary.com/apartmentlist/image/upload/t_r_fp_dream_ldp/a6036e182e92a50bfa5e7f0995c3fd7e.jpg", "order": null, "image": "", "floorplan": false, "main": false, "caption": ""}, "model": "property.propertyimage"}, {"pk": 33, "fields": {"property": 6, "image_link": "http://a1.res.cloudinary.com/apartmentlist/image/upload/t_r_fp_dream_ldp/7f4ef76fa9993b70b1eae26d13fcb018.jpg", "order": null, "image": "", "floorplan": false, "main": false, "caption": ""}, "model": "property.propertyimage"}, {"pk": 34, "fields": {"property": 6, "image_link": "http://a4.res.cloudinary.com/apartmentlist/image/upload/t_r_fp_dream_ldp/02e97813c8b2d7acff11308b5feae592.jpg", "order": null, "image": "", "floorplan": false, "main": false, "caption": ""}, "model": "property.propertyimage"}, {"pk": 35, "fields": {"property": 6, "image_link": "http://a5.res.cloudinary.com/apartmentlist/image/upload/t_r_fp_dream_ldp/ea80612cd80ef664598db4a095f7b881.jpg", "order": null, "image": "", "floorplan": false, "main": false, "caption": ""}, "model": "property.propertyimage"}, {"pk": 36, "fields": {"property": 6, "image_link": "http://a1.res.cloudinary.com/apartmentlist/image/upload/t_r_fp_dream_ldp/df4419198fe22db8044c40bbd82df9a5.jpg", "order": null, "image": "", "floorplan": false, "main": false, "caption": ""}, "model": "property.propertyimage"}, {"pk": 37, "fields": {"property": 7, "image_link": "http://a3.res.cloudinary.com/apartmentlist/image/upload/t_r_fp_dream_ldp/db3560987b11c6091c36960023783f07.jpg", "order": null, "image": "", "floorplan": false, "main": false, "caption": ""}, "model": "property.propertyimage"}, {"pk": 38, "fields": {"property": 7, "image_link": "http://a4.res.cloudinary.com/apartmentlist/image/upload/t_r_fp_dream_ldp/4514f4377e12e6cccc3a858b09042c55.jpg", "order": null, "image": "", "floorplan": false, "main": false, "caption": ""}, "model": "property.propertyimage"}, {"pk": 39, "fields": {"property": 7, "image_link": "http://a4.res.cloudinary.com/apartmentlist/image/upload/t_r_fp_dream_ldp/691ca46ae087e1b13b1c165bceb96eb7.jpg", "order": null, "image": "", "floorplan": false, "main": false, "caption": ""}, "model": "property.propertyimage"}, {"pk": 40, "fields": {"property": 7, "image_link": "http://a4.res.cloudinary.com/apartmentlist/image/upload/t_r_fp_dream_ldp/915322c55be4bee74cd1adc71ca6d446.jpg", "order": null, "image": "", "floorplan": false, "main": false, "caption": ""}, "model": "property.propertyimage"}, {"pk": 41, "fields": {"property": 7, "image_link": "http://a1.res.cloudinary.com/apartmentlist/image/upload/t_r_fp_dream_ldp/3d3df1b2fc29bc43c9b25f25fcd025c4.jpg", "order": null, "image": "", "floorplan": false, "main": false, "caption": ""}, "model": "property.propertyimage"}, {"pk": 42, "fields": {"property": 7, "image_link": "http://a2.res.cloudinary.com/apartmentlist/image/upload/t_r_fp_dream_ldp/780e8c6c39c757ffb9c57ad7fac00e2e.jpg", "order": null, "image": "", "floorplan": false, "main": false, "caption": ""}, "model": "property.propertyimage"}, {"pk": 43, "fields": {"property": 8, "image_link": "http://a4.res.cloudinary.com/apartmentlist/image/upload/t_r_fp_dream_ldp/f5541fca42cecefe05f7afb3635e099f.jpg", "order": null, "image": "", "floorplan": false, "main": false, "caption": ""}, "model": "property.propertyimage"}, {"pk": 44, "fields": {"property": 8, "image_link": "http://a5.res.cloudinary.com/apartmentlist/image/upload/t_r_fp_dream_ldp/c936e46f0459d669d52391df769871aa.jpg", "order": null, "image": "", "floorplan": false, "main": false, "caption": ""}, "model": "property.propertyimage"}, {"pk": 45, "fields": {"property": 8, "image_link": "http://a2.res.cloudinary.com/apartmentlist/image/upload/t_r_fp_dream_ldp/01699d215f930647c2cfc7e1393a0d49.jpg", "order": null, "image": "", "floorplan": false, "main": false, "caption": ""}, "model": "property.propertyimage"}, {"pk": 46, "fields": {"property": 8, "image_link": "http://a1.res.cloudinary.com/apartmentlist/image/upload/t_r_fp_dream_ldp/317f8ea1d17e4158e02027c53030ab07.jpg", "order": null, "image": "", "floorplan": false, "main": false, "caption": ""}, "model": "property.propertyimage"}, {"pk": 47, "fields": {"property": 8, "image_link": "http://a3.res.cloudinary.com/apartmentlist/image/upload/t_r_fp_dream_ldp/d99383a5c337f984bc38559f311bbff0.jpg", "order": null, "image": "", "floorplan": false, "main": false, "caption": ""}, "model": "property.propertyimage"}, {"pk": 48, "fields": {"property": 8, "image_link": "http://a5.res.cloudinary.com/apartmentlist/image/upload/t_r_fp_dream_ldp/93003494d7a64c1d4ed105fd8a915d95.jpg", "order": null, "image": "", "floorplan": false, "main": false, "caption": ""}, "model": "property.propertyimage"}, {"pk": 49, "fields": {"property": 9, "image_link": "http://a1.res.cloudinary.com/apartmentlist/image/upload/t_r_fp_dream_ldp/5534a2c29a180b1889e4e1a3d9311b2a.jpg", "order": null, "image": "", "floorplan": false, "main": false, "caption": ""}, "model": "property.propertyimage"}, {"pk": 50, "fields": {"property": 9, "image_link": "http://a5.res.cloudinary.com/apartmentlist/image/upload/t_r_fp_dream_ldp/ee876eb290dad953d2dcce8d12bfa636.jpg", "order": null, "image": "", "floorplan": false, "main": false, "caption": ""}, "model": "property.propertyimage"}, {"pk": 51, "fields": {"property": 9, "image_link": "http://a2.res.cloudinary.com/apartmentlist/image/upload/t_r_fp_dream_ldp/9670076af8eca0ddecaab9bef894bf6a.jpg", "order": null, "image": "", "floorplan": false, "main": false, "caption": ""}, "model": "property.propertyimage"}, {"pk": 52, "fields": {"property": 9, "image_link": "http://a1.res.cloudinary.com/apartmentlist/image/upload/t_r_fp_dream_ldp/6ee289ca7b9dc17ebed356e01f2751fb.jpg", "order": null, "image": "", "floorplan": false, "main": false, "caption": ""}, "model": "property.propertyimage"}, {"pk": 53, "fields": {"property": 9, "image_link": "http://a4.res.cloudinary.com/apartmentlist/image/upload/t_r_fp_dream_ldp/f57898a57a1d3d7579b985dc0d6a61c6.jpg", "order": null, "image": "", "floorplan": false, "main": false, "caption": ""}, "model": "property.propertyimage"}, {"pk": 54, "fields": {"property": 9, "image_link": "http://a5.res.cloudinary.com/apartmentlist/image/upload/t_r_fp_dream_ldp/1bcc7afab7507c49c3f80cd18637c3f5.jpg", "order": null, "image": "", "floorplan": false, "main": false, "caption": ""}, "model": "property.propertyimage"}, {"pk": 55, "fields": {"property": 10, "image_link": "http://a2.res.cloudinary.com/apartmentlist/image/upload/t_r_fp_dream_ldp/4785ed5c39f8cb0866ae7bf693dc343e.jpg", "order": null, "image": "", "floorplan": false, "main": false, "caption": ""}, "model": "property.propertyimage"}, {"pk": 56, "fields": {"property": 10, "image_link": "http://a1.res.cloudinary.com/apartmentlist/image/upload/t_r_fp_dream_ldp/e69d7b7bc712ddbe7c978aff5a8f5b52.jpg", "order": null, "image": "", "floorplan": false, "main": false, "caption": ""}, "model": "property.propertyimage"}, {"pk": 57, "fields": {"property": 10, "image_link": "http://a3.res.cloudinary.com/apartmentlist/image/upload/t_r_fp_dream_ldp/9f2b034f21e252f0047e0947ba3f5061.jpg", "order": null, "image": "", "floorplan": false, "main": false, "caption": ""}, "model": "property.propertyimage"}, {"pk": 58, "fields": {"property": 10, "image_link": "http://a3.res.cloudinary.com/apartmentlist/image/upload/t_r_fp_dream_ldp/1e6a5b138d7d1b64fdc9b8afff032372.jpg", "order": null, "image": "", "floorplan": false, "main": false, "caption": ""}, "model": "property.propertyimage"}, {"pk": 59, "fields": {"property": 10, "image_link": "http://a2.res.cloudinary.com/apartmentlist/image/upload/t_r_fp_dream_ldp/85074311eb68fd44eeac0989a8cc45b6.jpg", "order": null, "image": "", "floorplan": false, "main": false, "caption": ""}, "model": "property.propertyimage"}, {"pk": 60, "fields": {"property": 10, "image_link": "http://a1.res.cloudinary.com/apartmentlist/image/upload/t_r_fp_dream_ldp/73cc9b4b72de2065a2db774520100305.jpg", "order": null, "image": "", "floorplan": false, "main": false, "caption": ""}, "model": "property.propertyimage"}, {"pk": 61, "fields": {"property": 11, "image_link": "http://a5.res.cloudinary.com/apartmentlist/image/upload/t_r_fp_dream_ldp/5e3835f85f6b15c6f51a1db0a1268f02.jpg", "order": null, "image": "", "floorplan": false, "main": false, "caption": ""}, "model": "property.propertyimage"}, {"pk": 62, "fields": {"property": 11, "image_link": "http://a2.res.cloudinary.com/apartmentlist/image/upload/t_r_fp_dream_ldp/394ce0515fd261263a30ebfa79a6df48.jpg", "order": null, "image": "", "floorplan": false, "main": false, "caption": ""}, "model": "property.propertyimage"}, {"pk": 63, "fields": {"property": 11, "image_link": "http://a5.res.cloudinary.com/apartmentlist/image/upload/t_r_fp_dream_ldp/c9b69a445dd88f32de2ccb35234fcec4.jpg", "order": null, "image": "", "floorplan": false, "main": false, "caption": ""}, "model": "property.propertyimage"}, {"pk": 64, "fields": {"property": 11, "image_link": "http://a1.res.cloudinary.com/apartmentlist/image/upload/t_r_fp_dream_ldp/37e115d514f737ea131fb1d67eb7f6a7.jpg", "order": null, "image": "", "floorplan": false, "main": false, "caption": ""}, "model": "property.propertyimage"}, {"pk": 65, "fields": {"property": 11, "image_link": "http://a2.res.cloudinary.com/apartmentlist/image/upload/t_r_fp_dream_ldp/456d7fc6427423d88ec7f92cb7a54a9c.jpg", "order": null, "image": "", "floorplan": false, "main": false, "caption": ""}, "model": "property.propertyimage"}, {"pk": 66, "fields": {"property": 12, "image_link": "http://a1.res.cloudinary.com/apartmentlist/image/upload/t_r_fp_dream_ldp/8e6aec4e576f8f8cebcb4e57a5b569e5.jpg", "order": null, "image": "", "floorplan": false, "main": false, "caption": ""}, "model": "property.propertyimage"}, {"pk": 67, "fields": {"property": 12, "image_link": "http://a1.res.cloudinary.com/apartmentlist/image/upload/t_r_fp_dream_ldp/7d6ed6d9c98e51200970b39f15da5a82.jpg", "order": null, "image": "", "floorplan": false, "main": false, "caption": ""}, "model": "property.propertyimage"}, {"pk": 68, "fields": {"property": 12, "image_link": "http://a1.res.cloudinary.com/apartmentlist/image/upload/t_r_fp_dream_ldp/09feff5ec58dfb380d1498569f9a9e7c.jpg", "order": null, "image": "", "floorplan": false, "main": false, "caption": ""}, "model": "property.propertyimage"}, {"pk": 69, "fields": {"property": 12, "image_link": "http://a1.res.cloudinary.com/apartmentlist/image/upload/t_r_fp_dream_ldp/9126406401d9eb07c00ce9f4dcc89d59.jpg", "order": null, "image": "", "floorplan": false, "main": false, "caption": ""}, "model": "property.propertyimage"}, {"pk": 70, "fields": {"property": 12, "image_link": "http://a2.res.cloudinary.com/apartmentlist/image/upload/t_r_fp_dream_ldp/312552122bca27923f3f9468e587aa70.jpg", "order": null, "image": "", "floorplan": false, "main": false, "caption": ""}, "model": "property.propertyimage"}, {"pk": 71, "fields": {"property": 12, "image_link": "http://a4.res.cloudinary.com/apartmentlist/image/upload/t_r_fp_dream_ldp/162e2def908febd589466992e80963fd.jpg", "order": null, "image": "", "floorplan": false, "main": false, "caption": ""}, "model": "property.propertyimage"}, {"pk": 72, "fields": {"property": 13, "image_link": "http://a5.res.cloudinary.com/apartmentlist/image/upload/t_r_fp_dream_ldp/050090881352a962f7bbb9320c312399.jpg", "order": null, "image": "", "floorplan": false, "main": false, "caption": ""}, "model": "property.propertyimage"}, {"pk": 73, "fields": {"property": 13, "image_link": "http://a3.res.cloudinary.com/apartmentlist/image/upload/t_r_fp_dream_ldp/781959a27f15661a547f72cbc92dca97.jpg", "order": null, "image": "", "floorplan": false, "main": false, "caption": ""}, "model": "property.propertyimage"}, {"pk": 74, "fields": {"property": 13, "image_link": "http://a2.res.cloudinary.com/apartmentlist/image/upload/t_r_fp_dream_ldp/69164cf1128ec560a644b5d76aed8541.jpg", "order": null, "image": "", "floorplan": false, "main": false, "caption": ""}, "model": "property.propertyimage"}, {"pk": 75, "fields": {"property": 13, "image_link": "http://a5.res.cloudinary.com/apartmentlist/image/upload/t_r_fp_dream_ldp/28caba5f716f8a9b9ae6324f6af3ee26.jpg", "order": null, "image": "", "floorplan": false, "main": false, "caption": ""}, "model": "property.propertyimage"}, {"pk": 76, "fields": {"property": 13, "image_link": "http://a2.res.cloudinary.com/apartmentlist/image/upload/t_r_fp_dream_ldp/6b1e18c1c2ba0cc9e2b025148e6721a5.jpg", "order": null, "image": "", "floorplan": false, "main": false, "caption": ""}, "model": "property.propertyimage"}, {"pk": 77, "fields": {"property": 13, "image_link": "http://a2.res.cloudinary.com/apartmentlist/image/upload/t_r_fp_dream_ldp/45f2299612b8091a1a31c8f1c9c58812.jpg", "order": null, "image": "", "floorplan": false, "main": false, "caption": ""}, "model": "property.propertyimage"}, {"pk": 78, "fields": {"property": 14, "image_link": "http://a3.res.cloudinary.com/apartmentlist/image/upload/t_r_fp_dream_ldp/8271508f470313d8ad39df70c688bea3.jpg", "order": null, "image": "", "floorplan": false, "main": false, "caption": ""}, "model": "property.propertyimage"}, {"pk": 79, "fields": {"property": 14, "image_link": "http://a1.res.cloudinary.com/apartmentlist/image/upload/t_r_fp_dream_ldp/59d2b709e466f99ff066d04b3d69e5b1.jpg", "order": null, "image": "", "floorplan": false, "main": false, "caption": ""}, "model": "property.propertyimage"}, {"pk": 80, "fields": {"property": 14, "image_link": "http://a2.res.cloudinary.com/apartmentlist/image/upload/t_r_fp_dream_ldp/2b37e060c67677b83977a98edaad2cdc.jpg", "order": null, "image": "", "floorplan": false, "main": false, "caption": ""}, "model": "property.propertyimage"}, {"pk": 81, "fields": {"property": 14, "image_link": "http://a3.res.cloudinary.com/apartmentlist/image/upload/t_r_fp_dream_ldp/d744a4901e666fb3e252c5e6a339ec55.jpg", "order": null, "image": "", "floorplan": false, "main": false, "caption": ""}, "model": "property.propertyimage"}, {"pk": 82, "fields": {"property": 14, "image_link": "http://a4.res.cloudinary.com/apartmentlist/image/upload/t_r_fp_dream_ldp/660940113a24259d4377ad0c840d1f3d.jpg", "order": null, "image": "", "floorplan": false, "main": false, "caption": ""}, "model": "property.propertyimage"}, {"pk": 83, "fields": {"property": 14, "image_link": "http://a5.res.cloudinary.com/apartmentlist/image/upload/t_r_fp_dream_ldp/46ea831dc7e7601778522181c5d3c4e3.jpg", "order": null, "image": "", "floorplan": false, "main": false, "caption": ""}, "model": "property.propertyimage"}, {"pk": 84, "fields": {"property": 15, "image_link": "http://a1.res.cloudinary.com/apartmentlist/image/upload/t_r_fp_dream_ldp/4ca06f32f340ce6052a6e47f26830a7f.jpg", "order": null, "image": "", "floorplan": false, "main": false, "caption": ""}, "model": "property.propertyimage"}, {"pk": 85, "fields": {"property": 15, "image_link": "http://a3.res.cloudinary.com/apartmentlist/image/upload/t_r_fp_dream_ldp/f19bcb50c847ba262afdef9db498d783.jpg", "order": null, "image": "", "floorplan": false, "main": false, "caption": ""}, "model": "property.propertyimage"}, {"pk": 86, "fields": {"property": 15, "image_link": "http://a1.res.cloudinary.com/apartmentlist/image/upload/t_r_fp_dream_ldp/0eda1e3d3f270526ad4ec511acdcba5b.jpg", "order": null, "image": "", "floorplan": false, "main": false, "caption": ""}, "model": "property.propertyimage"}, {"pk": 87, "fields": {"property": 15, "image_link": "http://a4.res.cloudinary.com/apartmentlist/image/upload/t_r_fp_dream_ldp/0244910e9fbd5eec480631a6d9514dd5.jpg", "order": null, "image": "", "floorplan": false, "main": false, "caption": ""}, "model": "property.propertyimage"}, {"pk": 88, "fields": {"property": 15, "image_link": "http://a4.res.cloudinary.com/apartmentlist/image/upload/t_r_fp_dream_ldp/d88c62f334a8c3f998fbaccef897474c.jpg", "order": null, "image": "", "floorplan": false, "main": false, "caption": ""}, "model": "property.propertyimage"}, {"pk": 89, "fields": {"property": 15, "image_link": "http://a5.res.cloudinary.com/apartmentlist/image/upload/t_r_fp_dream_ldp/d36d2d9e8f509869f267cd28035d3dac.jpg", "order": null, "image": "", "floorplan": false, "main": false, "caption": ""}, "model": "property.propertyimage"}, {"pk": 90, "fields": {"property": 16, "image_link": "http://a5.res.cloudinary.com/apartmentlist/image/upload/t_r_fp_dream_ldp/101d0046e5e273af1306a394b8e1739a.jpg", "order": null, "image": "", "floorplan": false, "main": false, "caption": ""}, "model": "property.propertyimage"}, {"pk": 91, "fields": {"property": 16, "image_link": "http://a2.res.cloudinary.com/apartmentlist/image/upload/t_r_fp_dream_ldp/ecc7f07280cda1a7856fb9bd6322aa67.jpg", "order": null, "image": "", "floorplan": false, "main": false, "caption": ""}, "model": "property.propertyimage"}, {"pk": 92, "fields": {"property": 16, "image_link": "http://a1.res.cloudinary.com/apartmentlist/image/upload/t_r_fp_dream_ldp/3e63ef5947eb1df5ed07170e20fcc200.jpg", "order": null, "image": "", "floorplan": false, "main": false, "caption": ""}, "model": "property.propertyimage"}, {"pk": 93, "fields": {"property": 16, "image_link": "http://a4.res.cloudinary.com/apartmentlist/image/upload/t_r_fp_dream_ldp/3b3bb1bb23c0690450b4ada52322dc0d.jpg", "order": null, "image": "", "floorplan": false, "main": false, "caption": ""}, "model": "property.propertyimage"}, {"pk": 94, "fields": {"property": 16, "image_link": "http://a5.res.cloudinary.com/apartmentlist/image/upload/t_r_fp_dream_ldp/f9d5a556d845714f5b743afa456b4203.jpg", "order": null, "image": "", "floorplan": false, "main": false, "caption": ""}, "model": "property.propertyimage"}, {"pk": 95, "fields": {"property": 16, "image_link": "http://a2.res.cloudinary.com/apartmentlist/image/upload/t_r_fp_dream_ldp/83bf6f36c7e1eb28e83f2c6270fa1423.jpg", "order": null, "image": "", "floorplan": false, "main": false, "caption": ""}, "model": "property.propertyimage"}, {"pk": 96, "fields": {"property": 17, "image_link": "http://a1.res.cloudinary.com/apartmentlist/image/upload/t_r_fp_dream_ldp/fa15953f642d23d7ca4caec0d41cbc72.jpg", "order": null, "image": "", "floorplan": false, "main": false, "caption": ""}, "model": "property.propertyimage"}, {"pk": 97, "fields": {"property": 17, "image_link": "http://a5.res.cloudinary.com/apartmentlist/image/upload/t_r_fp_dream_ldp/450d0aa2adccacc94528ae6ebba5e915.jpg", "order": null, "image": "", "floorplan": false, "main": false, "caption": ""}, "model": "property.propertyimage"}, {"pk": 98, "fields": {"property": 17, "image_link": "http://a5.res.cloudinary.com/apartmentlist/image/upload/t_r_fp_dream_ldp/582b51a662b004b6ecadc93fdee9e2c9.jpg", "order": null, "image": "", "floorplan": false, "main": false, "caption": ""}, "model": "property.propertyimage"}, {"pk": 99, "fields": {"property": 17, "image_link": "http://a3.res.cloudinary.com/apartmentlist/image/upload/t_r_fp_dream_ldp/2e1c00ad7632d26c5a66b2209bba5bb2.jpg", "order": null, "image": "", "floorplan": false, "main": false, "caption": ""}, "model": "property.propertyimage"}, {"pk": 100, "fields": {"property": 17, "image_link": "http://a1.res.cloudinary.com/apartmentlist/image/upload/t_r_fp_dream_ldp/8d3561d1738d31b59bbc3890e4ac1a3f.jpg", "order": null, "image": "", "floorplan": false, "main": false, "caption": ""}, "model": "property.propertyimage"}, {"pk": 101, "fields": {"property": 17, "image_link": "http://a3.res.cloudinary.com/apartmentlist/image/upload/t_r_fp_dream_ldp/01c69e5fe49b6b039d7b18c7b7cbcda2.jpg", "order": null, "image": "", "floorplan": false, "main": false, "caption": ""}, "model": "property.propertyimage"}, {"pk": 102, "fields": {"property": 18, "image_link": "http://a3.res.cloudinary.com/apartmentlist/image/upload/t_r_fp_dream_ldp/305c8ea97ffc6b5fae10d15b50ecd9ba.jpg", "order": null, "image": "", "floorplan": false, "main": false, "caption": ""}, "model": "property.propertyimage"}, {"pk": 103, "fields": {"property": 18, "image_link": "http://a3.res.cloudinary.com/apartmentlist/image/upload/t_r_fp_dream_ldp/aa28d3d756826aaa019ec36811826520.jpg", "order": null, "image": "", "floorplan": false, "main": false, "caption": ""}, "model": "property.propertyimage"}, {"pk": 104, "fields": {"property": 18, "image_link": "http://a2.res.cloudinary.com/apartmentlist/image/upload/t_r_fp_dream_ldp/0a87113169f1e88811affbe74a112f20.jpg", "order": null, "image": "", "floorplan": false, "main": false, "caption": ""}, "model": "property.propertyimage"}, {"pk": 105, "fields": {"property": 18, "image_link": "http://a4.res.cloudinary.com/apartmentlist/image/upload/t_r_fp_dream_ldp/2f52f929186da7f991cfadc7ad71a9cb.jpg", "order": null, "image": "", "floorplan": false, "main": false, "caption": ""}, "model": "property.propertyimage"}, {"pk": 106, "fields": {"property": 18, "image_link": "http://a3.res.cloudinary.com/apartmentlist/image/upload/t_r_fp_dream_ldp/dfc4d98e294e077d54983b5a3bed3a06.jpg", "order": null, "image": "", "floorplan": false, "main": false, "caption": ""}, "model": "property.propertyimage"}, {"pk": 107, "fields": {"property": 18, "image_link": "http://a4.res.cloudinary.com/apartmentlist/image/upload/t_r_fp_dream_ldp/8948fa5f0669833764696a6abb807a19.jpg", "order": null, "image": "", "floorplan": false, "main": false, "caption": ""}, "model": "property.propertyimage"}, {"pk": 108, "fields": {"property": 19, "image_link": "http://a2.res.cloudinary.com/apartmentlist/image/upload/t_r_fp_dream_ldp/d913f181ccf4f74ab86d718ba70f868d.jpg", "order": null, "image": "", "floorplan": false, "main": false, "caption": ""}, "model": "property.propertyimage"}, {"pk": 109, "fields": {"property": 19, "image_link": "http://a3.res.cloudinary.com/apartmentlist/image/upload/t_r_fp_dream_ldp/9cc4779fdffee3fd46819f96ece726d4.jpg", "order": null, "image": "", "floorplan": false, "main": false, "caption": ""}, "model": "property.propertyimage"}, {"pk": 110, "fields": {"property": 19, "image_link": "http://a1.res.cloudinary.com/apartmentlist/image/upload/t_r_fp_dream_ldp/362a7838e40d901ac3b5dafbd112d461.jpg", "order": null, "image": "", "floorplan": false, "main": false, "caption": ""}, "model": "property.propertyimage"}, {"pk": 111, "fields": {"property": 19, "image_link": "http://a4.res.cloudinary.com/apartmentlist/image/upload/t_r_fp_dream_ldp/c5767c9a3aa69e5dd1b49395a08e6c28.jpg", "order": null, "image": "", "floorplan": false, "main": false, "caption": ""}, "model": "property.propertyimage"}, {"pk": 112, "fields": {"property": 19, "image_link": "http://a1.res.cloudinary.com/apartmentlist/image/upload/t_r_fp_dream_ldp/f13ea4b49aeb11b59f6685b9bdf20672.jpg", "order": null, "image": "", "floorplan": false, "main": false, "caption": ""}, "model": "property.propertyimage"}, {"pk": 113, "fields": {"property": 19, "image_link": "http://a3.res.cloudinary.com/apartmentlist/image/upload/t_r_fp_dream_ldp/42a4acfb434eb934e654ba513422abfe.jpg", "order": null, "image": "", "floorplan": false, "main": false, "caption": ""}, "model": "property.propertyimage"}, {"pk": 114, "fields": {"property": 20, "image_link": "http://a3.res.cloudinary.com/apartmentlist/image/upload/t_r_fp_dream_ldp/b34ad837b91add1bf8ac98faed5f3ed8.jpg", "order": null, "image": "", "floorplan": false, "main": false, "caption": ""}, "model": "property.propertyimage"}, {"pk": 115, "fields": {"property": 20, "image_link": "http://a5.res.cloudinary.com/apartmentlist/image/upload/t_r_fp_dream_ldp/1a31f932ae8ca44000559b107def2032.jpg", "order": null, "image": "", "floorplan": false, "main": false, "caption": ""}, "model": "property.propertyimage"}, {"pk": 116, "fields": {"property": 20, "image_link": "http://a3.res.cloudinary.com/apartmentlist/image/upload/t_r_fp_dream_ldp/8d1d0dc1723670bceee944d6139e485c.jpg", "order": null, "image": "", "floorplan": false, "main": false, "caption": ""}, "model": "property.propertyimage"}, {"pk": 117, "fields": {"property": 20, "image_link": "http://a1.res.cloudinary.com/apartmentlist/image/upload/t_r_fp_dream_ldp/ddf88442cee0a4d5185654119abec6a1.jpg", "order": null, "image": "", "floorplan": false, "main": false, "caption": ""}, "model": "property.propertyimage"}, {"pk": 118, "fields": {"property": 20, "image_link": "http://a2.res.cloudinary.com/apartmentlist/image/upload/t_r_fp_dream_ldp/2c52a9233d51151fa4cfe175208ce2f9.jpg", "order": null, "image": "", "floorplan": false, "main": false, "caption": ""}, "model": "property.propertyimage"}, {"pk": 119, "fields": {"property": 20, "image_link": "http://a5.res.cloudinary.com/apartmentlist/image/upload/t_r_fp_dream_ldp/898b3daf75fb4566351914e57b8b1b26.jpg", "order": null, "image": "", "floorplan": false, "main": false, "caption": ""}, "model": "property.propertyimage"}, {"pk": 120, "fields": {"property": 21, "image_link": "http://a1.res.cloudinary.com/apartmentlist/image/upload/t_r_fp_dream_ldp/31d7e362e58bc46519a8c87a1cccebc3.jpg", "order": null, "image": "", "floorplan": false, "main": false, "caption": ""}, "model": "property.propertyimage"}, {"pk": 121, "fields": {"property": 21, "image_link": "http://a2.res.cloudinary.com/apartmentlist/image/upload/t_r_fp_dream_ldp/774807272bf22329670761d9959a427c.jpg", "order": null, "image": "", "floorplan": false, "main": false, "caption": ""}, "model": "property.propertyimage"}, {"pk": 122, "fields": {"property": 21, "image_link": "http://a3.res.cloudinary.com/apartmentlist/image/upload/t_r_fp_dream_ldp/a19e9253adde282a0aa9d691356c3f25.jpg", "order": null, "image": "", "floorplan": false, "main": false, "caption": ""}, "model": "property.propertyimage"}, {"pk": 123, "fields": {"property": 21, "image_link": "http://a2.res.cloudinary.com/apartmentlist/image/upload/t_r_fp_dream_ldp/afa35456ca8275fd5424dae3b3ec8153.jpg", "order": null, "image": "", "floorplan": false, "main": false, "caption": ""}, "model": "property.propertyimage"}, {"pk": 124, "fields": {"property": 21, "image_link": "http://a4.res.cloudinary.com/apartmentlist/image/upload/t_r_fp_dream_ldp/8a3d0734ec3d8d0b7a07213c03882a69.jpg", "order": null, "image": "", "floorplan": false, "main": false, "caption": ""}, "model": "property.propertyimage"}, {"pk": 125, "fields": {"property": 21, "image_link": "http://a3.res.cloudinary.com/apartmentlist/image/upload/t_r_fp_dream_ldp/756bd60e789bb58aedf31af296b532a6.jpg", "order": null, "image": "", "floorplan": false, "main": false, "caption": ""}, "model": "property.propertyimage"}, {"pk": 126, "fields": {"property": 22, "image_link": "http://a3.res.cloudinary.com/apartmentlist/image/upload/t_r_fp_dream_ldp/6da422f05a506f6ab2643dac7288d6fc.jpg", "order": null, "image": "", "floorplan": false, "main": false, "caption": ""}, "model": "property.propertyimage"}, {"pk": 127, "fields": {"property": 22, "image_link": "http://a5.res.cloudinary.com/apartmentlist/image/upload/t_r_fp_dream_ldp/85ab0b51f17a75a5c9f4c0abe228898d.jpg", "order": null, "image": "", "floorplan": false, "main": false, "caption": ""}, "model": "property.propertyimage"}, {"pk": 128, "fields": {"property": 22, "image_link": "http://a2.res.cloudinary.com/apartmentlist/image/upload/t_r_fp_dream_ldp/dc5d5f3bdd266b67a5d73d6262755117.jpg", "order": null, "image": "", "floorplan": false, "main": false, "caption": ""}, "model": "property.propertyimage"}, {"pk": 129, "fields": {"property": 22, "image_link": "http://a1.res.cloudinary.com/apartmentlist/image/upload/t_r_fp_dream_ldp/c87de40653fd7a6e9d6ba8057d5a8864.jpg", "order": null, "image": "", "floorplan": false, "main": false, "caption": ""}, "model": "property.propertyimage"}, {"pk": 130, "fields": {"property": 22, "image_link": "http://a1.res.cloudinary.com/apartmentlist/image/upload/t_r_fp_dream_ldp/98d5c7ded06cb24191c84a6e2268396d.jpg", "order": null, "image": "", "floorplan": false, "main": false, "caption": ""}, "model": "property.propertyimage"}, {"pk": 131, "fields": {"property": 22, "image_link": "http://a4.res.cloudinary.com/apartmentlist/image/upload/t_r_fp_dream_ldp/8ff9aa3dea64a7bb7633c3662a963e8b.jpg", "order": null, "image": "", "floorplan": false, "main": false, "caption": ""}, "model": "property.propertyimage"}, {"pk": 132, "fields": {"property": 23, "image_link": "http://a2.res.cloudinary.com/apartmentlist/image/upload/t_r_fp_dream_ldp/cbf5622cc4159d77aec511897aade9db.jpg", "order": null, "image": "", "floorplan": false, "main": false, "caption": ""}, "model": "property.propertyimage"}, {"pk": 133, "fields": {"property": 23, "image_link": "http://a1.res.cloudinary.com/apartmentlist/image/upload/t_r_fp_dream_ldp/1b3a8687c2d7525ff61ec1f9b5c60676.jpg", "order": null, "image": "", "floorplan": false, "main": false, "caption": ""}, "model": "property.propertyimage"}, {"pk": 134, "fields": {"property": 23, "image_link": "http://a3.res.cloudinary.com/apartmentlist/image/upload/t_r_fp_dream_ldp/a947d38247ed305535b31653c81317f2.jpg", "order": null, "image": "", "floorplan": false, "main": false, "caption": ""}, "model": "property.propertyimage"}, {"pk": 135, "fields": {"property": 23, "image_link": "http://a4.res.cloudinary.com/apartmentlist/image/upload/t_r_fp_dream_ldp/7d2e7257ae8714abde8f0d01d61f2e30.jpg", "order": null, "image": "", "floorplan": false, "main": false, "caption": ""}, "model": "property.propertyimage"}, {"pk": 136, "fields": {"property": 23, "image_link": "http://a4.res.cloudinary.com/apartmentlist/image/upload/t_r_fp_dream_ldp/2c10ef4342404df62785fbece08625e1.jpg", "order": null, "image": "", "floorplan": false, "main": false, "caption": ""}, "model": "property.propertyimage"}, {"pk": 137, "fields": {"property": 24, "image_link": "http://a3.res.cloudinary.com/apartmentlist/image/upload/t_r_fp_dream_ldp/300bece8a1a80b4659f5c2d9aa4d18a9.jpg", "order": null, "image": "", "floorplan": false, "main": false, "caption": ""}, "model": "property.propertyimage"}, {"pk": 138, "fields": {"property": 24, "image_link": "http://a2.res.cloudinary.com/apartmentlist/image/upload/t_r_fp_dream_ldp/c93e7fa33fdbda01710cab4d39d4562d.jpg", "order": null, "image": "", "floorplan": false, "main": false, "caption": ""}, "model": "property.propertyimage"}, {"pk": 139, "fields": {"property": 24, "image_link": "http://a4.res.cloudinary.com/apartmentlist/image/upload/t_r_fp_dream_ldp/caddbeb3e3eda1440e5b4c60ff48682a.jpg", "order": null, "image": "", "floorplan": false, "main": false, "caption": ""}, "model": "property.propertyimage"}, {"pk": 140, "fields": {"property": 24, "image_link": "http://a5.res.cloudinary.com/apartmentlist/image/upload/t_r_fp_dream_ldp/9391edc68b52f168e51020622922a2cf.jpg", "order": null, "image": "", "floorplan": false, "main": false, "caption": ""}, "model": "property.propertyimage"}, {"pk": 141, "fields": {"property": 24, "image_link": "http://a1.res.cloudinary.com/apartmentlist/image/upload/t_r_fp_dream_ldp/3383414b940eb3e4670a89a6cdb1b973.jpg", "order": null, "image": "", "floorplan": false, "main": false, "caption": ""}, "model": "property.propertyimage"}, {"pk": 142, "fields": {"property": 24, "image_link": "http://a2.res.cloudinary.com/apartmentlist/image/upload/t_r_fp_dream_ldp/abb6f4d0b7b1ee955fdf88ab442ed804.jpg", "order": null, "image": "", "floorplan": false, "main": false, "caption": ""}, "model": "property.propertyimage"}, {"pk": 1, "fields": {"lease_start": 2, "sq_ft": 452, "price": "1175", "property": 1, "bed_count": 1, "bath_count": "1.5"}, "model": "property.propertyroom"}, {"pk": 2, "fields": {"lease_start": 2, "sq_ft": 727, "price": "1625", "property": 1, "bed_count": 1, "bath_count": "1.5"}, "model": "property.propertyroom"}, {"pk": 3, "fields": {"lease_start": 2, "sq_ft": 752, "price": "1800", "property": 1, "bed_count": 1, "bath_count": "1.5"}, "model": "property.propertyroom"}, {"pk": 4, "fields": {"lease_start": 2, "sq_ft": 0, "price": "800", "property": 2, "bed_count": 1, "bath_count": "1"}, "model": "property.propertyroom"}, {"pk": 5, "fields": {"lease_start": 2, "sq_ft": 639, "price": "1150", "property": 3, "bed_count": 0, "bath_count": "1.5"}, "model": "property.propertyroom"}, {"pk": 6, "fields": {"lease_start": 2, "sq_ft": 730, "price": "1200", "property": 3, "bed_count": 1, "bath_count": "1"}, "model": "property.propertyroom"}, {"pk": 7, "fields": {"lease_start": 2, "sq_ft": 843, "price": "1250", "property": 3, "bed_count": 1, "bath_count": "3.5"}, "model": "property.propertyroom"}, {"pk": 8, "fields": {"lease_start": 2, "sq_ft": 1052, "price": "1400", "property": 3, "bed_count": 1, "bath_count": "3"}, "model": "property.propertyroom"}, {"pk": 9, "fields": {"lease_start": 2, "sq_ft": 1071, "price": "2050", "property": 3, "bed_count": 2, "bath_count": "1.5"}, "model": "property.propertyroom"}, {"pk": 10, "fields": {"lease_start": 2, "sq_ft": 669, "price": "1120", "property": 4, "bed_count": 1, "bath_count": "1.5"}, "model": "property.propertyroom"}, {"pk": 11, "fields": {"lease_start": 2, "sq_ft": 884, "price": "1272", "property": 4, "bed_count": 2, "bath_count": "1.5"}, "model": "property.propertyroom"}, {"pk": 12, "fields": {"lease_start": 2, "sq_ft": 908, "price": "1398", "property": 4, "bed_count": 2, "bath_count": "1.5"}, "model": "property.propertyroom"}, {"pk": 13, "fields": {"lease_start": 2, "sq_ft": 1208, "price": "1696", "property": 4, "bed_count": 3, "bath_count": "1.5"}, "model": "property.propertyroom"}, {"pk": 14, "fields": {"lease_start": 2, "sq_ft": 579, "price": "971", "property": 5, "bed_count": 0, "bath_count": "2.5"}, "model": "property.propertyroom"}, {"pk": 15, "fields": {"lease_start": 2, "sq_ft": 729, "price": "1125", "property": 5, "bed_count": 1, "bath_count": "2"}, "model": "property.propertyroom"}, {"pk": 16, "fields": {"lease_start": 2, "sq_ft": 604, "price": "1275", "property": 5, "bed_count": 1, "bath_count": "4"}, "model": "property.propertyroom"}, {"pk": 17, "fields": {"lease_start": 2, "sq_ft": 763, "price": "1500", "property": 5, "bed_count": 1, "bath_count": "1.5"}, "model": "property.propertyroom"}, {"pk": 18, "fields": {"lease_start": 2, "sq_ft": 845, "price": "1500", "property": 5, "bed_count": 1, "bath_count": "2.5"}, "model": "property.propertyroom"}, {"pk": 19, "fields": {"lease_start": 2, "sq_ft": 1171, "price": "1900", "property": 5, "bed_count": 2, "bath_count": "1.5"}, "model": "property.propertyroom"}, {"pk": 20, "fields": {"lease_start": 2, "sq_ft": 511, "price": "1335", "property": 6, "bed_count": 0, "bath_count": "1"}, "model": "property.propertyroom"}, {"pk": 21, "fields": {"lease_start": 2, "sq_ft": 619, "price": "1410", "property": 6, "bed_count": 0, "bath_count": "1"}, "model": "property.propertyroom"}, {"pk": 22, "fields": {"lease_start": 2, "sq_ft": 639, "price": "1415", "property": 6, "bed_count": 0, "bath_count": "1"}, "model": "property.propertyroom"}, {"pk": 23, "fields": {"lease_start": 2, "sq_ft": 611, "price": "1460", "property": 6, "bed_count": 0, "bath_count": "1"}, "model": "property.propertyroom"}, {"pk": 24, "fields": {"lease_start": 2, "sq_ft": 639, "price": "1460", "property": 6, "bed_count": 0, "bath_count": "1"}, "model": "property.propertyroom"}, {"pk": 25, "fields": {"lease_start": 2, "sq_ft": 774, "price": "1905", "property": 6, "bed_count": 1, "bath_count": "1"}, "model": "property.propertyroom"}, {"pk": 26, "fields": {"lease_start": 2, "sq_ft": 751, "price": "1985", "property": 6, "bed_count": 1, "bath_count": "1"}, "model": "property.propertyroom"}, {"pk": 27, "fields": {"lease_start": 2, "sq_ft": 784, "price": "2050", "property": 6, "bed_count": 1, "bath_count": "1"}, "model": "property.propertyroom"}, {"pk": 28, "fields": {"lease_start": 2, "sq_ft": 852, "price": "2055", "property": 6, "bed_count": 1, "bath_count": "1"}, "model": "property.propertyroom"}, {"pk": 29, "fields": {"lease_start": 2, "sq_ft": 856, "price": "2140", "property": 6, "bed_count": 1, "bath_count": "1"}, "model": "property.propertyroom"}, {"pk": 30, "fields": {"lease_start": 2, "sq_ft": 846, "price": "2185", "property": 6, "bed_count": 1, "bath_count": "1"}, "model": "property.propertyroom"}, {"pk": 31, "fields": {"lease_start": 2, "sq_ft": 857, "price": "2190", "property": 6, "bed_count": 1, "bath_count": "1"}, "model": "property.propertyroom"}, {"pk": 32, "fields": {"lease_start": 2, "sq_ft": 967, "price": "2330", "property": 6, "bed_count": 1, "bath_count": "1"}, "model": "property.propertyroom"}, {"pk": 33, "fields": {"lease_start": 2, "sq_ft": 1114, "price": "2385", "property": 6, "bed_count": 1, "bath_count": "1"}, "model": "property.propertyroom"}, {"pk": 34, "fields": {"lease_start": 2, "sq_ft": 946, "price": "2395", "property": 6, "bed_count": 1, "bath_count": "1"}, "model": "property.propertyroom"}, {"pk": 35, "fields": {"lease_start": 2, "sq_ft": 967, "price": "2545", "property": 6, "bed_count": 1, "bath_count": "1"}, "model": "property.propertyroom"}, {"pk": 36, "fields": {"lease_start": 2, "sq_ft": 1038, "price": "2595", "property": 6, "bed_count": 1, "bath_count": "1"}, "model": "property.propertyroom"}, {"pk": 37, "fields": {"lease_start": 2, "sq_ft": 879, "price": "2975", "property": 6, "bed_count": 1, "bath_count": "1"}, "model": "property.propertyroom"}, {"pk": 38, "fields": {"lease_start": 2, "sq_ft": 826, "price": "3125", "property": 6, "bed_count": 1, "bath_count": "1"}, "model": "property.propertyroom"}, {"pk": 39, "fields": {"lease_start": 2, "sq_ft": 1228, "price": "3135", "property": 6, "bed_count": 1, "bath_count": "1"}, "model": "property.propertyroom"}, {"pk": 40, "fields": {"lease_start": 2, "sq_ft": 967, "price": "3645", "property": 6, "bed_count": 1, "bath_count": "1"}, "model": "property.propertyroom"}, {"pk": 41, "fields": {"lease_start": 2, "sq_ft": 1072, "price": "3680", "property": 6, "bed_count": 1, "bath_count": "1"}, "model": "property.propertyroom"}, {"pk": 42, "fields": {"lease_start": 2, "sq_ft": 1072, "price": "3680", "property": 6, "bed_count": 1, "bath_count": "1"}, "model": "property.propertyroom"}, {"pk": 43, "fields": {"lease_start": 2, "sq_ft": 1038, "price": "2645", "property": 6, "bed_count": 1, "bath_count": "1"}, "model": "property.propertyroom"}, {"pk": 44, "fields": {"lease_start": 2, "sq_ft": 1114, "price": "2650", "property": 6, "bed_count": 1, "bath_count": "1"}, "model": "property.propertyroom"}, {"pk": 45, "fields": {"lease_start": 2, "sq_ft": 879, "price": "3175", "property": 6, "bed_count": 1, "bath_count": "1"}, "model": "property.propertyroom"}, {"pk": 46, "fields": {"lease_start": 2, "sq_ft": 1147, "price": "3245", "property": 6, "bed_count": 1, "bath_count": "1"}, "model": "property.propertyroom"}, {"pk": 47, "fields": {"lease_start": 2, "sq_ft": 1228, "price": "3485", "property": 6, "bed_count": 1, "bath_count": "1"}, "model": "property.propertyroom"}, {"pk": 48, "fields": {"lease_start": 2, "sq_ft": 999, "price": "2445", "property": 6, "bed_count": 2, "bath_count": "2"}, "model": "property.propertyroom"}, {"pk": 49, "fields": {"lease_start": 2, "sq_ft": 1458, "price": "2595", "property": 6, "bed_count": 2, "bath_count": "2"}, "model": "property.propertyroom"}, {"pk": 50, "fields": {"lease_start": 2, "sq_ft": 1147, "price": "2605", "property": 6, "bed_count": 2, "bath_count": "2"}, "model": "property.propertyroom"}, {"pk": 51, "fields": {"lease_start": 2, "sq_ft": 1024, "price": "2665", "property": 6, "bed_count": 2, "bath_count": "2"}, "model": "property.propertyroom"}, {"pk": 52, "fields": {"lease_start": 2, "sq_ft": 1081, "price": "2695", "property": 6, "bed_count": 2, "bath_count": "2"}, "model": "property.propertyroom"}, {"pk": 53, "fields": {"lease_start": 2, "sq_ft": 1112, "price": "2730", "property": 6, "bed_count": 2, "bath_count": "2"}, "model": "property.propertyroom"}, {"pk": 54, "fields": {"lease_start": 2, "sq_ft": 1233, "price": "3260", "property": 6, "bed_count": 2, "bath_count": "2"}, "model": "property.propertyroom"}, {"pk": 55, "fields": {"lease_start": 2, "sq_ft": 1564, "price": "3350", "property": 6, "bed_count": 2, "bath_count": "2"}, "model": "property.propertyroom"}, {"pk": 56, "fields": {"lease_start": 2, "sq_ft": 1263, "price": "3545", "property": 6, "bed_count": 2, "bath_count": "2"}, "model": "property.propertyroom"}, {"pk": 57, "fields": {"lease_start": 2, "sq_ft": 1269, "price": "3650", "property": 6, "bed_count": 2, "bath_count": "2"}, "model": "property.propertyroom"}, {"pk": 58, "fields": {"lease_start": 2, "sq_ft": 1457, "price": "3650", "property": 6, "bed_count": 2, "bath_count": "2"}, "model": "property.propertyroom"}, {"pk": 59, "fields": {"lease_start": 2, "sq_ft": 1399, "price": "3885", "property": 6, "bed_count": 2, "bath_count": "2"}, "model": "property.propertyroom"}, {"pk": 60, "fields": {"lease_start": 2, "sq_ft": 1457, "price": "4450", "property": 6, "bed_count": 2, "bath_count": "2"}, "model": "property.propertyroom"}, {"pk": 61, "fields": {"lease_start": 2, "sq_ft": 1434, "price": "3645", "property": 6, "bed_count": 2, "bath_count": "1"}, "model": "property.propertyroom"}, {"pk": 62, "fields": {"lease_start": 2, "sq_ft": 1564, "price": "4585", "property": 6, "bed_count": 2, "bath_count": "1"}, "model": "property.propertyroom"}, {"pk": 63, "fields": {"lease_start": 2, "sq_ft": 1418, "price": "4095", "property": 6, "bed_count": 3, "bath_count": "2"}, "model": "property.propertyroom"}, {"pk": 64, "fields": {"lease_start": 2, "sq_ft": 1418, "price": "4320", "property": 6, "bed_count": 3, "bath_count": "2"}, "model": "property.propertyroom"}, {"pk": 65, "fields": {"lease_start": 2, "sq_ft": 542, "price": "1385", "property": 7, "bed_count": 0, "bath_count": "1"}, "model": "property.propertyroom"}, {"pk": 66, "fields": {"lease_start": 2, "sq_ft": 656, "price": "1603", "property": 7, "bed_count": 1, "bath_count": "1"}, "model": "property.propertyroom"}, {"pk": 67, "fields": {"lease_start": 2, "sq_ft": 872, "price": "2360", "property": 7, "bed_count": 2, "bath_count": "1"}, "model": "property.propertyroom"}, {"pk": 68, "fields": {"lease_start": 2, "sq_ft": 0, "price": "3406", "property": 7, "bed_count": 2, "bath_count": "2"}, "model": "property.propertyroom"}, {"pk": 69, "fields": {"lease_start": 2, "sq_ft": 648, "price": "1465", "property": 8, "bed_count": 1, "bath_count": "2"}, "model": "property.propertyroom"}, {"pk": 70, "fields": {"lease_start": 2, "sq_ft": 861, "price": "1900", "property": 8, "bed_count": 2, "bath_count": "2"}, "model": "property.propertyroom"}, {"pk": 71, "fields": {"lease_start": 2, "sq_ft": 1001, "price": "2325", "property": 8, "bed_count": 2, "bath_count": "1.5"}, "model": "property.propertyroom"}, {"pk": 72, "fields": {"lease_start": 2, "sq_ft": 700, "price": "925", "property": 9, "bed_count": 1, "bath_count": "1"}, "model": "property.propertyroom"}, {"pk": 73, "fields": {"lease_start": 2, "sq_ft": 996, "price": "1200", "property": 9, "bed_count": 2, "bath_count": "2"}, "model": "property.propertyroom"}, {"pk": 74, "fields": {"lease_start": 2, "sq_ft": 1030, "price": "1250", "property": 9, "bed_count": 2, "bath_count": "2"}, "model": "property.propertyroom"}, {"pk": 75, "fields": {"lease_start": 2, "sq_ft": 1146, "price": "1425", "property": 9, "bed_count": 3, "bath_count": "2"}, "model": "property.propertyroom"}, {"pk": 76, "fields": {"lease_start": 2, "sq_ft": 0, "price": "1100", "property": 10, "bed_count": 2, "bath_count": "1"}, "model": "property.propertyroom"}, {"pk": 77, "fields": {"lease_start": 2, "sq_ft": 0, "price": "1200", "property": 10, "bed_count": 2, "bath_count": "1"}, "model": "property.propertyroom"}, {"pk": 78, "fields": {"lease_start": 2, "sq_ft": 0, "price": "1400", "property": 10, "bed_count": 3, "bath_count": "1"}, "model": "property.propertyroom"}, {"pk": 79, "fields": {"lease_start": 2, "sq_ft": 570, "price": "1150", "property": 11, "bed_count": 1, "bath_count": "1"}, "model": "property.propertyroom"}, {"pk": 80, "fields": {"lease_start": 2, "sq_ft": 641, "price": "1150", "property": 11, "bed_count": 1, "bath_count": "1"}, "model": "property.propertyroom"}, {"pk": 81, "fields": {"lease_start": 2, "sq_ft": 648, "price": "1150", "property": 11, "bed_count": 1, "bath_count": "1"}, "model": "property.propertyroom"}, {"pk": 82, "fields": {"lease_start": 2, "sq_ft": 610, "price": "1250", "property": 11, "bed_count": 1, "bath_count": "1"}, "model": "property.propertyroom"}, {"pk": 83, "fields": {"lease_start": 2, "sq_ft": 760, "price": "1250", "property": 11, "bed_count": 1, "bath_count": "1"}, "model": "property.propertyroom"}, {"pk": 84, "fields": {"lease_start": 2, "sq_ft": 790, "price": "1225", "property": 11, "bed_count": 2, "bath_count": "1"}, "model": "property.propertyroom"}, {"pk": 85, "fields": {"lease_start": 2, "sq_ft": 834, "price": "1225", "property": 11, "bed_count": 2, "bath_count": "1"}, "model": "property.propertyroom"}, {"pk": 86, "fields": {"lease_start": 2, "sq_ft": 844, "price": "1225", "property": 11, "bed_count": 2, "bath_count": "1"}, "model": "property.propertyroom"}, {"pk": 87, "fields": {"lease_start": 2, "sq_ft": 815, "price": "1375", "property": 11, "bed_count": 2, "bath_count": "2"}, "model": "property.propertyroom"}, {"pk": 88, "fields": {"lease_start": 2, "sq_ft": 830, "price": "1375", "property": 11, "bed_count": 2, "bath_count": "2"}, "model": "property.propertyroom"}, {"pk": 89, "fields": {"lease_start": 2, "sq_ft": 1065, "price": "1375", "property": 11, "bed_count": 2, "bath_count": "2"}, "model": "property.propertyroom"}, {"pk": 90, "fields": {"lease_start": 2, "sq_ft": 950, "price": "870", "property": 12, "bed_count": 2, "bath_count": "1"}, "model": "property.propertyroom"}, {"pk": 91, "fields": {"lease_start": 2, "sq_ft": 448, "price": "1182", "property": 13, "bed_count": 0, "bath_count": "1.5"}, "model": "property.propertyroom"}, {"pk": 92, "fields": {"lease_start": 2, "sq_ft": 450, "price": "1182", "property": 13, "bed_count": 0, "bath_count": "1"}, "model": "property.propertyroom"}, {"pk": 93, "fields": {"lease_start": 2, "sq_ft": 727, "price": "1095", "property": 13, "bed_count": 1, "bath_count": "1"}, "model": "property.propertyroom"}, {"pk": 94, "fields": {"lease_start": 2, "sq_ft": 704, "price": "1195", "property": 13, "bed_count": 1, "bath_count": "2"}, "model": "property.propertyroom"}, {"pk": 95, "fields": {"lease_start": 2, "sq_ft": 683, "price": "1260", "property": 13, "bed_count": 1, "bath_count": "2"}, "model": "property.propertyroom"}, {"pk": 96, "fields": {"lease_start": 2, "sq_ft": 905, "price": "1345", "property": 13, "bed_count": 1, "bath_count": "2"}, "model": "property.propertyroom"}, {"pk": 97, "fields": {"lease_start": 2, "sq_ft": 851, "price": "1495", "property": 13, "bed_count": 2, "bath_count": "2.5"}, "model": "property.propertyroom"}, {"pk": 98, "fields": {"lease_start": 2, "sq_ft": 827, "price": "1525", "property": 13, "bed_count": 2, "bath_count": "2.5"}, "model": "property.propertyroom"}, {"pk": 99, "fields": {"lease_start": 2, "sq_ft": 945, "price": "1595", "property": 13, "bed_count": 2, "bath_count": "2"}, "model": "property.propertyroom"}, {"pk": 100, "fields": {"lease_start": 2, "sq_ft": 0, "price": "1595", "property": 13, "bed_count": 2, "bath_count": "2.5"}, "model": "property.propertyroom"}, {"pk": 101, "fields": {"lease_start": 2, "sq_ft": 900, "price": "1595", "property": 13, "bed_count": 2, "bath_count": "1.5"}, "model": "property.propertyroom"}, {"pk": 102, "fields": {"lease_start": 2, "sq_ft": 1007, "price": "1785", "property": 13, "bed_count": 2, "bath_count": "2"}, "model": "property.propertyroom"}, {"pk": 103, "fields": {"lease_start": 2, "sq_ft": 1107, "price": "1895", "property": 13, "bed_count": 2, "bath_count": "4"}, "model": "property.propertyroom"}, {"pk": 104, "fields": {"lease_start": 2, "sq_ft": 1381, "price": "1895", "property": 13, "bed_count": 2, "bath_count": "3"}, "model": "property.propertyroom"}, {"pk": 105, "fields": {"lease_start": 2, "sq_ft": 691, "price": "875", "property": 14, "bed_count": 1, "bath_count": "1"}, "model": "property.propertyroom"}, {"pk": 106, "fields": {"lease_start": 2, "sq_ft": 871, "price": "1000", "property": 14, "bed_count": 2, "bath_count": "1"}, "model": "property.propertyroom"}, {"pk": 107, "fields": {"lease_start": 2, "sq_ft": 932, "price": "1085", "property": 14, "bed_count": 2, "bath_count": "2"}, "model": "property.propertyroom"}, {"pk": 108, "fields": {"lease_start": 2, "sq_ft": 0, "price": "1295", "property": 15, "bed_count": 1, "bath_count": "1"}, "model": "property.propertyroom"}, {"pk": 109, "fields": {"lease_start": 2, "sq_ft": 0, "price": "1350", "property": 15, "bed_count": 2, "bath_count": "1"}, "model": "property.propertyroom"}, {"pk": 110, "fields": {"lease_start": 2, "sq_ft": 510, "price": "0", "property": 16, "bed_count": 0, "bath_count": "1"}, "model": "property.propertyroom"}, {"pk": 111, "fields": {"lease_start": 2, "sq_ft": 616, "price": "0", "property": 16, "bed_count": 0, "bath_count": "1"}, "model": "property.propertyroom"}, {"pk": 112, "fields": {"lease_start": 2, "sq_ft": 768, "price": "0", "property": 16, "bed_count": 1, "bath_count": "1"}, "model": "property.propertyroom"}, {"pk": 113, "fields": {"lease_start": 2, "sq_ft": 947, "price": "2511", "property": 16, "bed_count": 1, "bath_count": "1"}, "model": "property.propertyroom"}, {"pk": 114, "fields": {"lease_start": 2, "sq_ft": 1080, "price": "3099", "property": 16, "bed_count": 2, "bath_count": "2"}, "model": "property.propertyroom"}, {"pk": 115, "fields": {"lease_start": 2, "sq_ft": 1411, "price": "2743", "property": 16, "bed_count": 2, "bath_count": "1"}, "model": "property.propertyroom"}, {"pk": 116, "fields": {"lease_start": 2, "sq_ft": 1795, "price": "0", "property": 16, "bed_count": 3, "bath_count": "1"}, "model": "property.propertyroom"}, {"pk": 117, "fields": {"lease_start": 2, "sq_ft": 696, "price": "875", "property": 17, "bed_count": 1, "bath_count": "1"}, "model": "property.propertyroom"}, {"pk": 118, "fields": {"lease_start": 2, "sq_ft": 720, "price": "875", "property": 17, "bed_count": 1, "bath_count": "1"}, "model": "property.propertyroom"}, {"pk": 119, "fields": {"lease_start": 2, "sq_ft": 902, "price": "1000", "property": 17, "bed_count": 2, "bath_count": "1"}, "model": "property.propertyroom"}, {"pk": 120, "fields": {"lease_start": 2, "sq_ft": 1002, "price": "1100", "property": 17, "bed_count": 2, "bath_count": "2"}, "model": "property.propertyroom"}, {"pk": 121, "fields": {"lease_start": 2, "sq_ft": 1007, "price": "1100", "property": 17, "bed_count": 2, "bath_count": "2"}, "model": "property.propertyroom"}, {"pk": 122, "fields": {"lease_start": 2, "sq_ft": 1126, "price": "1450", "property": 17, "bed_count": 3, "bath_count": "2"}, "model": "property.propertyroom"}, {"pk": 123, "fields": {"lease_start": 2, "sq_ft": 1200, "price": "1450", "property": 17, "bed_count": 3, "bath_count": "2"}, "model": "property.propertyroom"}, {"pk": 124, "fields": {"lease_start": 2, "sq_ft": 688, "price": "1235", "property": 18, "bed_count": 1, "bath_count": "1"}, "model": "property.propertyroom"}, {"pk": 125, "fields": {"lease_start": 2, "sq_ft": 751, "price": "1260", "property": 18, "bed_count": 1, "bath_count": "1"}, "model": "property.propertyroom"}, {"pk": 126, "fields": {"lease_start": 2, "sq_ft": 954, "price": "1395", "property": 18, "bed_count": 2, "bath_count": "1"}, "model": "property.propertyroom"}, {"pk": 127, "fields": {"lease_start": 2, "sq_ft": 984, "price": "1415", "property": 18, "bed_count": 2, "bath_count": "1"}, "model": "property.propertyroom"}, {"pk": 128, "fields": {"lease_start": 2, "sq_ft": 1052, "price": "1515", "property": 18, "bed_count": 2, "bath_count": "1"}, "model": "property.propertyroom"}, {"pk": 129, "fields": {"lease_start": 2, "sq_ft": 1110, "price": "1620", "property": 18, "bed_count": 2, "bath_count": "1"}, "model": "property.propertyroom"}, {"pk": 130, "fields": {"lease_start": 2, "sq_ft": 1052, "price": "1565", "property": 18, "bed_count": 2, "bath_count": "2"}, "model": "property.propertyroom"}, {"pk": 131, "fields": {"lease_start": 2, "sq_ft": 615, "price": "995", "property": 19, "bed_count": 1, "bath_count": "1"}, "model": "property.propertyroom"}, {"pk": 132, "fields": {"lease_start": 2, "sq_ft": 660, "price": "937", "property": 20, "bed_count": 1, "bath_count": "1"}, "model": "property.propertyroom"}, {"pk": 133, "fields": {"lease_start": 2, "sq_ft": 739, "price": "969", "property": 20, "bed_count": 1, "bath_count": "1"}, "model": "property.propertyroom"}, {"pk": 134, "fields": {"lease_start": 2, "sq_ft": 880, "price": "1393", "property": 20, "bed_count": 2, "bath_count": "1"}, "model": "property.propertyroom"}, {"pk": 135, "fields": {"lease_start": 2, "sq_ft": 918, "price": "1443", "property": 20, "bed_count": 2, "bath_count": "1"}, "model": "property.propertyroom"}, {"pk": 136, "fields": {"lease_start": 2, "sq_ft": 960, "price": "1458", "property": 20, "bed_count": 2, "bath_count": "1"}, "model": "property.propertyroom"}, {"pk": 137, "fields": {"lease_start": 2, "sq_ft": 989, "price": "1212", "property": 20, "bed_count": 2, "bath_count": "2"}, "model": "property.propertyroom"}, {"pk": 138, "fields": {"lease_start": 2, "sq_ft": 475, "price": "745", "property": 21, "bed_count": 0, "bath_count": "1"}, "model": "property.propertyroom"}, {"pk": 139, "fields": {"lease_start": 2, "sq_ft": 675, "price": "859", "property": 21, "bed_count": 1, "bath_count": "1"}, "model": "property.propertyroom"}, {"pk": 140, "fields": {"lease_start": 2, "sq_ft": 850, "price": "1059", "property": 21, "bed_count": 2, "bath_count": "1"}, "model": "property.propertyroom"}, {"pk": 141, "fields": {"lease_start": 2, "sq_ft": 0, "price": "845", "property": 22, "bed_count": 1, "bath_count": "1"}, "model": "property.propertyroom"}, {"pk": 142, "fields": {"lease_start": 2, "sq_ft": 862, "price": "1010", "property": 22, "bed_count": 2, "bath_count": "1"}, "model": "property.propertyroom"}, {"pk": 143, "fields": {"lease_start": 2, "sq_ft": 913, "price": "1025", "property": 22, "bed_count": 2, "bath_count": "1"}, "model": "property.propertyroom"}, {"pk": 144, "fields": {"lease_start": 2, "sq_ft": 970, "price": "1075", "property": 22, "bed_count": 2, "bath_count": "2"}, "model": "property.propertyroom"}, {"pk": 145, "fields": {"lease_start": 2, "sq_ft": 1060, "price": "795", "property": 23, "bed_count": 3, "bath_count": "2"}, "model": "property.propertyroom"}, {"pk": 146, "fields": {"lease_start": 2, "sq_ft": 732, "price": "730", "property": 24, "bed_count": 2, "bath_count": "1"}, "model": "property.propertyroom"}, {"pk": 2, "fields": {"note": null, "property": 5, "user": 1}, "model": "property.propertyfavorite"}, {"pk": 3, "fields": {"note": "This is the best", "property": 7, "user": 2}, "model": "property.propertyfavorite"}, {"pk": 4, "fields": {"note": "this one man", "property": 16, "user": 2}, "model": "property.propertyfavorite"}, {"pk": 5, "fields": {"note": "OMF!", "property": 22, "user": 2}, "model": "property.propertyfavorite"}, {"pk": 6, "fields": {"note": null, "property": 4, "user": 1}, "model": "property.propertyfavorite"}, {"pk": 1, "fields": {"property": 23, "user": 1}, "model": "property.propertyhidden"}, {"pk": 2, "fields": {"property": 24, "user": 1}, "model": "property.propertyhidden"}, {"pk": 4, "fields": {"property": 2, "user": 1}, "model": "property.propertyhidden"}, {"pk": 5, "fields": {"property": 3, "user": 1}, "model": "property.propertyhidden"}, {"pk": 1, "fields": {"create_date": "2014-12-13", "schedule_time": "08:00:00", "property": 1, "last_name": "wester", "phone_number": "123-123-4123", "email": "aw90202@yahoo.com", "schedule_date": "2014-12-10", "user": 1, "first_name": "adam"}, "model": "property.propertyschedule"}, {"pk": 2, "fields": {"create_date": "2014-12-13", "schedule_time": "12:30:00", "property": 1, "last_name": "wester", "phone_number": "123-123-4123", "email": "aw90202@yahoo.com", "schedule_date": "2014-12-10", "user": 1, "first_name": "adam"}, "model": "property.propertyschedule"}, {"pk": 3, "fields": {"create_date": "2014-12-13", "schedule_time": "19:31:00", "property": 4, "last_name": "wester", "phone_number": "345-345-6345", "email": "aw90202@yahoo.com", "schedule_date": "2014-12-16", "user": 1, "first_name": "adam"}, "model": "property.propertyschedule"}, {"pk": 4, "fields": {"create_date": "2015-02-11", "schedule_time": "15:00:00", "property": 3, "last_name": "Smith", "phone_number": "509-123-1234", "email": "awwester@gmail.com", "schedule_date": "2015-02-12", "user": 3, "first_name": "Ingle"}, "model": "property.propertyschedule"}, {"pk": 5, "fields": {"create_date": "2015-02-11", "schedule_time": "14:00:00", "property": 3, "last_name": "Smith", "phone_number": "625-635-6273", "email": "awwester@gmail.com", "schedule_date": "2015-02-17", "user": 3, "first_name": "Ingle"}, "model": "property.propertyschedule"}, {"pk": 6, "fields": {"create_date": "2015-02-11", "schedule_time": "11:00:00", "property": 3, "last_name": "Smith", "phone_number": "678-678-6543", "email": "awwester@gmail.com", "schedule_date": "2015-02-18", "user": 3, "first_name": "Ingle"}, "model": "property.propertyschedule"}]